sampleID,meta_barcodesequence,subjectID,meta_ena.libraryname,group,age_at_collection,meta_sex,meta_geographic.location_latitude,meta_geographic.location_longitude,meta_geographic.location_country,bacteria_unassigned.other,bacteria_k__archaea.p__crenarchaeota,bacteria_k__archaea.p__euryarchaeota,bacteria_k__bacteria.other,bacteria_k__bacteria.p__ad3,bacteria_k__bacteria.p__actinobacteria,bacteria_k__bacteria.p__bacteroidetes,bacteria_k__bacteria.p__chlamydiae,bacteria_k__bacteria.p__cyanobacteria,bacteria_k__bacteria.p__elusimicrobia,bacteria_k__bacteria.p__firmicutes,bacteria_k__bacteria.p__fusobacteria,bacteria_k__bacteria.p__lentisphaerae,bacteria_k__bacteria.p__planctomycetes,bacteria_k__bacteria.p__proteobacteria,bacteria_k__bacteria.p__spirochaetes,bacteria_k__bacteria.p__synergistetes,bacteria_k__bacteria.p__tm7,bacteria_k__bacteria.p__tenericutes,bacteria_k__bacteria.p__verrucomicrobia,bacteria_k__bacteria.p__wps.2,bacteria_k__bacteria.p__.thermi.,bacteria_unassigned.other.other,bacteria_k__archaea.p__crenarchaeota.c__thaumarchaeota,bacteria_k__archaea.p__euryarchaeota.c__methanobacteria,bacteria_k__bacteria.other.other,"bacteria_k__bacteria.p__ad3.c__jg37,ag,4",bacteria_k__bacteria.p__actinobacteria.c__actinobacteria,bacteria_k__bacteria.p__actinobacteria.c__coriobacteriia,bacteria_k__bacteria.p__actinobacteria.c__rubrobacteria,bacteria_k__bacteria.p__actinobacteria.c__thermoleophilia,bacteria_k__bacteria.p__bacteroidetes.c__bacteroidia,bacteria_k__bacteria.p__bacteroidetes.c__flavobacteriia,bacteria_k__bacteria.p__bacteroidetes.c__sphingobacteriia,bacteria_k__bacteria.p__bacteroidetes.c__.saprospirae.,bacteria_k__bacteria.p__chlamydiae.c__chlamydiia,bacteria_k__bacteria.p__cyanobacteria.c__4c0d.2,bacteria_k__bacteria.p__cyanobacteria.c__chloroplast,bacteria_k__bacteria.p__elusimicrobia.c__elusimicrobia,bacteria_k__bacteria.p__firmicutes.other,bacteria_k__bacteria.p__firmicutes.c__bacilli,bacteria_k__bacteria.p__firmicutes.c__clostridia,bacteria_k__bacteria.p__firmicutes.c__erysipelotrichi,bacteria_k__bacteria.p__fusobacteria.c__fusobacteriia,bacteria_k__bacteria.p__lentisphaerae.c__.lentisphaeria.,bacteria_k__bacteria.p__planctomycetes.c__planctomycetia,bacteria_k__bacteria.p__proteobacteria.other,bacteria_k__bacteria.p__proteobacteria.c__alphaproteobacteria,bacteria_k__bacteria.p__proteobacteria.c__betaproteobacteria,bacteria_k__bacteria.p__proteobacteria.c__deltaproteobacteria,bacteria_k__bacteria.p__proteobacteria.c__epsilonproteobacteria,bacteria_k__bacteria.p__proteobacteria.c__gammaproteobacteria,bacteria_k__bacteria.p__spirochaetes.c__spirochaetes,bacteria_k__bacteria.p__spirochaetes.c__.brachyspirae.,bacteria_k__bacteria.p__synergistetes.c__synergistia,bacteria_k__bacteria.p__tm7.c__tm7.3,bacteria_k__bacteria.p__tenericutes.c__ck.1c4.19,bacteria_k__bacteria.p__tenericutes.c__mollicutes,bacteria_k__bacteria.p__tenericutes.c__rf3,bacteria_k__bacteria.p__verrucomicrobia.c__opitutae,bacteria_k__bacteria.p__verrucomicrobia.c__verruco.5,bacteria_k__bacteria.p__verrucomicrobia.c__verrucomicrobiae,bacteria_k__bacteria.p__wps.2.c__,bacteria_k__bacteria.p__thermi.c__deinococci,bacteria_unassigned.other.other.other,bacteria_k__archaea.p__crenarchaeota.c__thaumarchaeota.o__nitrososphaerales,bacteria_k__archaea.p__euryarchaeota.c__methanobacteria.o__methanobacteriales,bacteria_k__bacteria.other.other.other,"bacteria_k__bacteria.p__ad3.c__jg37,ag,4.o__",bacteria_k__bacteria.p__actinobacteria.c__actinobacteria.o__actinomycetales,bacteria_k__bacteria.p__actinobacteria.c__actinobacteria.o__bifidobacteriales,bacteria_k__bacteria.p__actinobacteria.c__coriobacteriia.o__coriobacteriales,bacteria_k__bacteria.p__actinobacteria.c__rubrobacteria.o__rubrobacterales,bacteria_k__bacteria.p__actinobacteria.c__thermoleophilia.o__gaiellales,bacteria_k__bacteria.p__actinobacteria.c__thermoleophilia.o__solirubrobacterales,bacteria_k__bacteria.p__bacteroidetes.c__bacteroidia.o__bacteroidales,bacteria_k__bacteria.p__bacteroidetes.c__flavobacteriia.o__flavobacteriales,bacteria_k__bacteria.p__bacteroidetes.c__sphingobacteriia.o__sphingobacteriales,bacteria_k__bacteria.p__bacteroidetes.c__saprospirae.o__saprospirales,bacteria_k__bacteria.p__chlamydiae.c__chlamydiia.o__chlamydiales,"bacteria_k__bacteria.p__cyanobacteria.c__4c0d,2.o__ys2",bacteria_k__bacteria.p__cyanobacteria.c__chloroplast.o__streptophyta,bacteria_k__bacteria.p__elusimicrobia.c__elusimicrobia.o__elusimicrobiales,bacteria_k__bacteria.p__firmicutes.other.other,bacteria_k__bacteria.p__firmicutes.c__bacilli.other,bacteria_k__bacteria.p__firmicutes.c__bacilli.o__bacillales,bacteria_k__bacteria.p__firmicutes.c__bacilli.o__gemellales,bacteria_k__bacteria.p__firmicutes.c__bacilli.o__lactobacillales,bacteria_k__bacteria.p__firmicutes.c__bacilli.o__turicibacterales,bacteria_k__bacteria.p__firmicutes.c__clostridia.o__clostridiales,bacteria_k__bacteria.p__firmicutes.c__erysipelotrichi.o__erysipelotrichales,bacteria_k__bacteria.p__fusobacteria.c__fusobacteriia.o__fusobacteriales,bacteria_k__bacteria.p__lentisphaerae.c__lentisphaeria.o__victivallales,bacteria_k__bacteria.p__planctomycetes.c__planctomycetia.o__pirellulales,bacteria_k__bacteria.p__planctomycetes.c__planctomycetia.o__planctomycetales,bacteria_k__bacteria.p__proteobacteria.other.other,bacteria_k__bacteria.p__proteobacteria.c__alphaproteobacteria.o__,bacteria_k__bacteria.p__proteobacteria.c__alphaproteobacteria.o__caulobacterales,bacteria_k__bacteria.p__proteobacteria.c__alphaproteobacteria.o__rf32,bacteria_k__bacteria.p__proteobacteria.c__alphaproteobacteria.o__rhizobiales,bacteria_k__bacteria.p__proteobacteria.c__alphaproteobacteria.o__rhodobacterales,bacteria_k__bacteria.p__proteobacteria.c__alphaproteobacteria.o__rhodospirillales,bacteria_k__bacteria.p__proteobacteria.c__alphaproteobacteria.o__rickettsiales,bacteria_k__bacteria.p__proteobacteria.c__alphaproteobacteria.o__sphingomonadales,bacteria_k__bacteria.p__proteobacteria.c__betaproteobacteria.other,bacteria_k__bacteria.p__proteobacteria.c__betaproteobacteria.o__burkholderiales,bacteria_k__bacteria.p__proteobacteria.c__betaproteobacteria.o__methylophilales,bacteria_k__bacteria.p__proteobacteria.c__betaproteobacteria.o__neisseriales,bacteria_k__bacteria.p__proteobacteria.c__betaproteobacteria.o__rhodocyclales,bacteria_k__bacteria.p__proteobacteria.c__deltaproteobacteria.o__bdellovibrionales,bacteria_k__bacteria.p__proteobacteria.c__deltaproteobacteria.o__desulfobacterales,bacteria_k__bacteria.p__proteobacteria.c__deltaproteobacteria.o__desulfovibrionales,bacteria_k__bacteria.p__proteobacteria.c__deltaproteobacteria.o__myxococcales,bacteria_k__bacteria.p__proteobacteria.c__epsilonproteobacteria.o__campylobacterales,bacteria_k__bacteria.p__proteobacteria.c__gammaproteobacteria.other,bacteria_k__bacteria.p__proteobacteria.c__gammaproteobacteria.o__aeromonadales,bacteria_k__bacteria.p__proteobacteria.c__gammaproteobacteria.o__alteromonadales,bacteria_k__bacteria.p__proteobacteria.c__gammaproteobacteria.o__cardiobacteriales,bacteria_k__bacteria.p__proteobacteria.c__gammaproteobacteria.o__enterobacteriales,bacteria_k__bacteria.p__proteobacteria.c__gammaproteobacteria.o__legionellales,bacteria_k__bacteria.p__proteobacteria.c__gammaproteobacteria.o__oceanospirillales,bacteria_k__bacteria.p__proteobacteria.c__gammaproteobacteria.o__pasteurellales,bacteria_k__bacteria.p__proteobacteria.c__gammaproteobacteria.o__pseudomonadales,bacteria_k__bacteria.p__proteobacteria.c__gammaproteobacteria.o__xanthomonadales,bacteria_k__bacteria.p__spirochaetes.c__spirochaetes.o__spirochaetales,bacteria_k__bacteria.p__spirochaetes.c__brachyspirae.o__brachyspirales,bacteria_k__bacteria.p__synergistetes.c__synergistia.o__synergistales,"bacteria_k__bacteria.p__tm7.c__tm7,3.o__","bacteria_k__bacteria.p__tm7.c__tm7,3.o__cw040","bacteria_k__bacteria.p__tm7.c__tm7,3.o__i025","bacteria_k__bacteria.p__tenericutes.c__ck,1c4,19.o__",bacteria_k__bacteria.p__tenericutes.c__mollicutes.o__,bacteria_k__bacteria.p__tenericutes.c__mollicutes.o__anaeroplasmatales,bacteria_k__bacteria.p__tenericutes.c__mollicutes.o__mycoplasmatales,bacteria_k__bacteria.p__tenericutes.c__mollicutes.o__rf39,"bacteria_k__bacteria.p__tenericutes.c__rf3.o__ml615j,28",bacteria_k__bacteria.p__verrucomicrobia.c__opitutae.o__cerasicoccales,"bacteria_k__bacteria.p__verrucomicrobia.c__verruco,5.o__wchb1,41",bacteria_k__bacteria.p__verrucomicrobia.c__verrucomicrobiae.o__verrucomicrobiales,"bacteria_k__bacteria.p__wps,2.c__.o__",bacteria_k__bacteria.p__thermi.c__deinococci.o__deinococcales
Bgsng7035.m1,GGATAGCCACTTC,Bgsng7035,BANG_HLTHY,Healthy Singletons,6,male,23933,88983,Bangladesh,0,0,0,0,0,0.0538194444444,0.000270061728395,0,0,0,0.284490740741,0,0,0,0.661419753086,0,0,0,0,0,0,0,0,0,0,0,0,0.0418595679012,0.0119598765432,0,0,0.000231481481481,3.85802469136E-05,0,0,0,0,0,0,0,0.238271604938,0.0250385802469,0.0211805555556,0,0,0,0,0,0,0,7.71604938272E-05,0.661342592593,0,0,0,0,0,0,0,0,0,0,0,0,0,0,0,0,0,0.00351080246914,0.0383487654321,0.0119598765432,0,0,0,0.000231481481481,3.85802469136E-05,0,0,0,0,0,0,0,0,0.00509259259259,0.000115740740741,0.233063271605,0,0.0250385802469,0.0211805555556,0,0,0,0,0,0,0,0,0,0,0,0,0,0,0,0,0,0,0,0,0,0,7.71604938272E-05,0,3.85802469136E-05,0,0,0.661265432099,0,0,0,0,3.85802469136E-05,0,0,0,0,0,0,0,0,0,0,0,0,0,0,0,0,0
Bgsng7035.m2,TTGGGCGTGAACT,Bgsng7035,BANG_HLTHY,Healthy Singletons,36,male,23933,88983,Bangladesh,0,0,0,0,0,0.080609449469,0.00409051675611,0,0,0,0.482230645101,0,0,0,0.433069388674,0,0,0,0,0,0,0,0,0,0,0,0,0.080609449469,0,0,0,0.00409051675611,0,0,0,0,0,0,0,0,0.143355724847,0.338837392577,3.75276766615E-05,0,0,0,0,0,0,0,0,0.433069388674,0,0,0,0,0,0,0,0,0,0,0,0,0,0,0,0,0,0.000412804443277,0.0801966450257,0,0,0,0,0.00409051675611,0,0,0,0,0,0,0,0,0,0.0004878597966,0,0.14286786505,0,0.338837392577,3.75276766615E-05,0,0,0,0,0,0,0,0,0,0,0,0,0,0,0,0,0,0,0,0,0,0,0,0,0,0,0,0.432318835141,0,0,0,0.000750553533231,0,0,0,0,0,0,0,0,0,0,0,0,0,0,0,0,0,0
Bgsng7035.m3,TAACAAGGAACGC,Bgsng7035,BANG_HLTHY,Healthy Singletons,57,male,23933,88983,Bangladesh,7.92581437743E-05,0,0,0,0,0.0358643100579,0.000435919790759,0,0,0,0.924229214552,3.96290718871E-05,0,0,0.0393516683839,0,0,0,0,0,0,0,7.92581437743E-05,0,0,0,0,0.0355869065546,0.00027740350321,0,0,0.000317032575097,0.000118887215661,0,0,0,0,0,0,0,0.919077435206,0.00463660141079,0.000515177934533,3.96290718871E-05,0,0,0,0.000198145359436,0,0,0,0.0391535230245,0,0,0,0,0,0,0,0,0,0,0,0,7.92581437743E-05,0,0,0,0,0.0012285012285,0.0343584053261,0.00027740350321,0,0,0,0.000317032575097,0.000118887215661,0,0,0,0,0,0,0,0,0.00110961401284,0,0.917967821194,0,0.00463660141079,0.000515177934533,3.96290718871E-05,0,0,0,0,0,0,0,0,0.000118887215661,0,7.92581437743E-05,0,0,0,0,0,0,0,0,0,0,0,0,0,0,0,0.0289292224776,0,0,0,0.0101450424031,7.92581437743E-05,0,0,0,0,0,0,0,0,0,0,0,0,0,0,0,0,0
Bgsng7035.m4,TCTGCAGTTGGAC,Bgsng7035,BANG_HLTHY,Healthy Singletons,87,male,23933,88983,Bangladesh,7.28173013908E-05,0,0,0,0,0.204288939052,0.0327677856259,0,0,0,0.647964756426,0,0,0,0.114905701595,0,0,0,0,0,0,0,7.28173013908E-05,0,0,0,0,0.200320396126,0.0039685429258,0,0,0.0327677856259,0,0,0,0,0,0,0,0,0.547367654555,0.100196606714,0.000400495157649,0,0,0,0,0,0,0,0.000109225952086,0.114796475643,0,0,0,0,0,0,0,0,0,0,0,0,7.28173013908E-05,0,0,0,0,0.00127430277434,0.199046093352,0.0039685429258,0,0,0,0.0327677856259,0,0,0,0,0,0,0,0,0,7.28173013908E-05,0,0.547294837253,0,0.100196606714,0.000400495157649,0,0,0,0,0,0,0,0,0,0,0,0,0,0,0,0,0,0,0,0,0,0,0.000109225952086,0,0,0,0,0.114395980485,0,0,0.000327677856259,7.28173013908E-05,0,0,0,0,0,0,0,0,0,0,0,0,0,0,0,0,0,0
Bgsng7035.m5,CTCGGCAATTATG,Bgsng7035,BANG_HLTHY,Healthy Singletons,108,male,23933,88983,Bangladesh,7.15205263911E-05,0,0,0,0,0.16428264912,0.0387998855672,0,0,0,0.659347732799,0.000107280789587,0,0,0.137390931197,0,0,0,0,0,0,0,7.15205263911E-05,0,0,0,0,0.15834644543,0.00593620369046,0,0,0.0387998855672,0,0,0,0,0,0,0,0,0.264018023173,0.394757545416,0.000572164211129,0.000107280789587,0,0,0,3.57602631955E-05,0,0,0,0.137355170934,0,0,0,0,0,0,0,0,0,0,0,0,7.15205263911E-05,0,0,0,0,0.00064368473752,0.157702760692,0.00593620369046,0,0,0,0.0387998855672,0,0,0,0,0,0,0,0,0,0.00064368473752,7.15205263911E-05,0.263302817909,0,0.394757545416,0.000572164211129,0.000107280789587,0,0,0,0,0,0,0,0,0,0,3.57602631955E-05,0,0,0,0,0,0,0,0,0,0,0,0,0,0,0,0.13663996567,0,0,0.00064368473752,7.15205263911E-05,0,0,0,0,0,0,0,0,0,0,0,0,0,0,0,0,0,0
Bgsng7035.m6,ATAGGCGATCTCT,Bgsng7035,BANG_HLTHY,Healthy Singletons,156,male,23933,88983,Bangladesh,0.000152747546493,0,0,0,0,0.595028067362,0.0248978500783,0,0,0,0.356398212854,0,0,0,0.0235231221599,0,0,0,0,0,0,0,0.000152747546493,0,0,0,0,0.592851414824,0.00217665253752,0,0,0.0248978500783,0,0,0,0,0,0,0,0,0.287814564479,0.0682781532822,0.000305495092985,0,0,0,0,0,0,0,0.00534616412724,0.0181769580326,0,0,0,0,0,0,0,0,0,0,0,0,0.000152747546493,0,0,0,0,0.000763737732463,0.592087677092,0.00217665253752,0,0,0,0.0248978500783,0,0,0,0,0,0,0,0,0,0.000190934433116,7.63737732463E-05,0.287547256272,0,0.0682781532822,0.000305495092985,0,0,0,0,0,0,0,0,0,0,0,0,0,0,0,0,0,0,0,0,0,0,0.00534616412724,0,0,0,0,0.0180623973727,0,0.000114560659869,0,0,0,0,0,0,0,0,0,0,0,0,0,0,0,0,0,0,0,0
Bgsng7035.m7,ACTACAGCCTATG,Bgsng7035,BANG_HLTHY,Healthy Singletons,198,male,23933,88983,Bangladesh,0,0,0,0,0,0.379572677242,0.317780835222,0,0,0,0.265377144707,0,0,0,0.0372693428294,0,0,0,0,0,0,0,0,0,0,0,0,0.378803820006,0.000768857235351,0,0,0.317780835222,0,0,0,0,0,0,0,0,0.244779864034,0.0203949498219,0.000202330851408,0,0,0,0,0,4.04661702816E-05,0,0,0.0372288766591,0,0,0,0,0,0,0,0,0,0,0,0,0,0,0,0,0,0.00113305276789,0.377670767239,0.000768857235351,0,0,0,0.317780835222,0,0,0,0,0,0,0,0,0,0.0110877306572,0,0.233692133376,0,0.0203949498219,0.000202330851408,0,0,0,0,0,0,0,0,0,0,0,0,0,0,4.04661702816E-05,0,0,0,0,0,0,0,0,0,0,0,0,0.0371479443185,0,4.04661702816E-05,4.04661702816E-05,0,0,0,0,0,0,0,0,0,0,0,0,0,0,0,0,0,0,0
Bgsng7106.m1,GGAGACAAGGGAT,Bgsng7106,BANG_HLTHY,Healthy Singletons,9,male,23933,88983,Bangladesh,5.382131324E-05,0,0,0,0,0.898654467169,0,0,0,0,0.0903121636168,0,0,0,0.010979547901,0,0,0,0,0,0,0,5.382131324E-05,0,0,0,0,0.898600645856,5.382131324E-05,0,0,0,0,0,0,0,0,0,0,0,0.0850914962325,0.00522066738428,0,0,0,0,0,0,5.382131324E-05,0,0,0.0109257265877,0,0,0,0,0,0,0,0,0,0,0,0,5.382131324E-05,0,0,0,0,0.000645855758881,0.897954790097,5.382131324E-05,0,0,0,0,0,0,0,0,0,0,0,0,0,0.060979547901,5.382131324E-05,0.0240581270183,0,0.00522066738428,0,0,0,0,0,0,0,0,0,0,0,0,0,0,0,5.382131324E-05,0,0,0,0,0,0,0,0,0,0,0,0,0.0109257265877,0,0,0,0,0,0,0,0,0,0,0,0,0,0,0,0,0,0,0,0,0,0
Bgsng7106.m2,CCAGTGTATGCAT,Bgsng7106,BANG_HLTHY,Healthy Singletons,36,male,23933,88983,Bangladesh,0.000135342416313,0,0,0,0,0.73495443472,0.000270684832627,0,0,0,0.255661824416,0,0,0,0.00897771361545,0,0,0,0,0,0,0,0.000135342416313,0,0,0,0,0.73495443472,0,0,0,0.000270684832627,0,0,0,0,0,0,0,0,0.255391139583,0.000270684832627,0,0,0,0,0,0,0,0,0.00622575115041,0.00275196246504,0,0,0,0,0,0,0,0,0,0,0,0,0.000135342416313,0,0,0,0,0.000676712081566,0.734277722638,0,0,0,0,0.000270684832627,0,0,0,0,0,0,0,0,0,0.0216547866101,0.000135342416313,0.233601010557,0,0.000270684832627,0,0,0,0,0,0,0,0,0,0,0,0,0,0,0,0,0,0,0,0,0,0,0,0.00622575115041,0,0.000225570693855,0,0,0.00243616349364,0,0,9.02282775422E-05,0,0,0,0,0,0,0,0,0,0,0,0,0,0,0,0,0,0,0
Bgsng7106.m3,GCGATATATCGCT,Bgsng7106,BANG_HLTHY,Healthy Singletons,72,male,23933,88983,Bangladesh,0,0,0,0,0,0.810598229134,0.00017978336105,0,0,0,0.185086970201,0,0,0,0.00413501730415,0,0,0,0,0,0,0,0,0,0,0,0,0.783720616657,0.026877612477,0,0,0.00017978336105,0,0,0,0,0,0,0,0,0.184232999236,0.000853970964987,0,0,0,0,0,0,0,0,0,0.00413501730415,0,0,0,0,0,0,0,0,0,0,0,0,0,0,0,0,0,0.00134837520787,0.782372241449,0.026877612477,0,0,0,0.00017978336105,0,0,0,0,0,0,0,0,0,0.00017978336105,0,0.184053215875,0,0.000853970964987,0,0,0,0,0,0,0,0,0,0,0,0,0,0,0,0,0,0,0,0,0,0,0,0,0,0,0,0,0.00413501730415,0,0,0,0,0,0,0,0,0,0,0,0,0,0,0,0,0,0,0,0,0,0
Bgsng7106.m4,TCTAGCGTAGTGC,Bgsng7106,BANG_HLTHY,Healthy Singletons,99,male,23933,88983,Bangladesh,0.000121058047334,0,0,0,0,0.882271048968,0.00617396041402,0,0,0,0.0771745051752,0,0,0,0.0342594273954,0,0,0,0,0,0,0,0.000121058047334,0,0,0,0,0.872223231039,0.0100478179287,0,0,0.00617396041402,0,0,0,0,0,0,0,0,0.0711216028085,0.00605290236668,0,0,0,0,0,0,0,0,0,0.0342594273954,0,0,0,0,0,0,0,0,0,0,0,0,0.000121058047334,0,0,0,0,0.000544761213002,0.871678469826,0.0100478179287,0,0,0,0.00617396041402,0,0,0,0,0,0,0,0,0,0,0,0.0711216028085,0,0.00605290236668,0,0,0,0,0,0,0,0,0,0,0,0,0,0,0,0,0,0,0,0,0,0,0,0,0,0,0,0,0.0342594273954,0,0,0,0,0,0,0,0,0,0,0,0,0,0,0,0,0,0,0,0,0,0
Bgsng7106.m5,GGCCACGTAGTAT,Bgsng7106,BANG_HLTHY,Healthy Singletons,132,male,23933,88983,Bangladesh,0,0,0,0,0,0.84288233812,0.060367850844,0,0,0,0.0377928949358,5.0390526581E-05,0,0,0.0589065255732,0,0,0,0,0,0,0,0,0,0,0,0,0.838800705467,0.00408163265306,0,0,0.060367850844,0,0,0,0,0,0,0,0,0.0287729906778,0.009019904258,0,5.0390526581E-05,0,0,0,0,0,0,0,0.0589065255732,0,0,0,0,0,0,0,0,0,0,0,0,0,0,0,0,0,0.000403124212648,0.838397581255,0.00408163265306,0,0,0,0.060367850844,0,0,0,0,0,0,0,0,0,0,0,0.0287729906778,0,0.009019904258,0,5.0390526581E-05,0,0,0,0,0,0,0,0,0,0,0,0,0,0,0,0,0,0,0,0,0,0,0,0,0,0,0.0589065255732,0,0,0,0,0,0,0,0,0,0,0,0,0,0,0,0,0,0,0,0,0,0
Bgsng7106.m6,GTCAATTGACCGC,Bgsng7106,BANG_HLTHY,Healthy Singletons,162,male,23933,88983,Bangladesh,0,0,0,0,0,0.907013183488,0.0133455802896,0,0,0,0.0756969958937,0,0,0,0.00394424032851,0,0,0,0,0,0,0,0,0,0,0,0,0.884482385995,0.022530797493,0,0,0.0133455802896,0,0,0,0,0,0,0,0,0.0549492111519,0.0206397233629,0.000108061378863,0,0,0,0,0,0,0,0,0.00394424032851,0,0,0,0,0,0,0,0,0,0,0,0,0,0,0,0,0,0.000702398962611,0.883779987033,0.022530797493,0,0,0,0.0133455802896,0,0,0,0,0,0,0,0,0,5.40306894316E-05,0,0.0548951804625,0,0.0206397233629,0.000108061378863,0,0,0,0,0,0,0,0,0,0,0,0,0,0,0,0,0,0,0,0,0,0,0,0,5.40306894316E-05,0,0,0.00389020963907,0,0,0,0,0,0,0,0,0,0,0,0,0,0,0,0,0,0,0,0,0,0
Bgsng7115.m1,GAGTCAACCGCA,Bgsng7115,HS1_Pool6,Healthy Singletons,6,male,23933,88983,Bangladesh,7.60196130602E-05,0,0,0,0,0.00197650993956,7.60196130602E-05,0,0,0,0.678665095595,0,0,0,0.31920635524,0,0,0,0,0,0,0,7.60196130602E-05,0,0,0,0,0.00197650993956,0,0,0,7.60196130602E-05,0,0,0,0,0,0,0,0,0.678208977916,0.000266068645711,0.00019004903265,0,0,0,0,0,7.60196130602E-05,0,0,0.319130335627,0,0,0,0,0,0,0,0,0,0,0,0,7.60196130602E-05,0,0,0,0,0.00011402941959,0.00186248051997,0,0,0,0,7.60196130602E-05,0,0,0,0,0,0,0,0,0,0.0143677068684,0.000608156904481,0.663233114143,0,0.000266068645711,0.00019004903265,0,0,0,0,0,0,0,0,0,0,0,0,0,0,7.60196130602E-05,0,0,0,0,0,0,0,0,0,3.80098065301E-05,0,0,0.318864266981,0,0,3.80098065301E-05,0.00019004903265,0,0,0,0,0,0,0,0,0,0,0,0,0,0,0,0,0,0
Bgsng7115.m2,ACGTTAGCACAC,Bgsng7115,HS1_Pool6,Healthy Singletons,27,male,23933,88983,Bangladesh,0.000298752707446,0,0,0,0,0.555904100381,7.46881768616E-05,0,0,0,0.431025468668,0,0,0,0.0126969900665,0,0,0,0,0,0,0,0.000298752707446,0,0,0,0,0.555904100381,0,0,0,7.46881768616E-05,0,0,0,0,0,0,0,0,0.355478377773,0.0755097468071,3.73440884308E-05,0,0,0,0,0,0,0,0,0.0126969900665,0,0,0,0,0,0,0,0,0,0,0,0,0.000298752707446,0,0,0,0,0,0.555904100381,0,0,0,0,7.46881768616E-05,0,0,0,0,0,0,0,0,3.73440884308E-05,0.0151243558145,0,0.34031667787,0,0.0755097468071,3.73440884308E-05,0,0,0,0,0,0,0,0,0,0,0,0,0,0,0,0,0,0,0,0,0,0,0,0,0,0,0,0.0126969900665,0,0,0,0,0,0,0,0,0,0,0,0,0,0,0,0,0,0,0,0,0,0
Bgsng7115.m3,GCCGATTCGGAA,Bgsng7115,HS1_Pool6,Healthy Singletons,75,male,23933,88983,Bangladesh,0.000106803374987,0,0,0,0,0.387696251202,5.34016874933E-05,0,0,0,0.356883477518,0,0,0,0.255260066218,0,0,0,0,0,0,0,0.000106803374987,0,0,0,0,0.387696251202,0,0,0,5.34016874933E-05,0,0,0,0,0,0,0,0,0.265299583467,0.0915838940511,0,0,0,0,0,0,5.34016874933E-05,0,5.34016874933E-05,0.255153262843,0,0,0,0,0,0,0,0,0,0,0,0,0.000106803374987,0,0,0,0,0.000213606749973,0.387482644452,0,0,0,0,5.34016874933E-05,0,0,0,0,0,0,0,0,0,0.000213606749973,0,0.265085976717,0,0.0915838940511,0,0,0,0,0,0,0,0,0,0,0,0,0,0,0,5.34016874933E-05,0,0,0,0,0,0,0,5.34016874933E-05,0,0.012015379686,0,0,0.242977678095,0,0,0,0.00016020506248,0,0,0,0,0,0,0,0,0,0,0,0,0,0,0,0,0,0
Bgsng7115.m4,GCGCTAAAGTTC,Bgsng7115,HS1_Pool6,Healthy Singletons,105,male,23933,88983,Bangladesh,0.000548365869708,0,0,0,0,0.761533962126,0.000109673173942,0,0,0,0.202749140893,0,0,0,0.0350588579367,0,0,0,0,0,0,0,0.000548365869708,0,0,0,0,0.761460846677,7.31154492944E-05,0,0,0.000109673173942,0,0,0,0,0,0,0,0,0.194925787819,0.0078233530745,0,0,0,0,0,0,0,0,0,0.0350588579367,0,0,0,0,0,0,0,0,0,0,0,0,0.000548365869708,0,0,0,0,0.000219346347883,0.761241500329,7.31154492944E-05,0,0,0,0.000109673173942,0,0,0,0,0,0,0,0,0,0.000438692695767,0,0.194487095123,0,0.0078233530745,0,0,0,0,0,0,0,0,0,0,0,0,0,0,0,0,0,0,0,0,0,0,0,0,0,0,0,0,0.0350588579367,0,0,0,0,0,0,0,0,0,0,0,0,0,0,0,0,0,0,0,0,0,0
Bgsng7115.m5,ATGACCATCGTG,Bgsng7115,HS1_Pool6,Healthy Singletons,132,male,23933,88983,Bangladesh,0.000396582182644,0,0,0,0,0.691603273606,0.0778382665753,0,0,0,0.115801997332,0,0,0,0.114323827379,0,0,0,3.60529256949E-05,0,0,0,0.000396582182644,0,0,0,0,0.691242744349,0.000360529256949,0,0,0.0778382665753,0,0,0,0,0,0,0,0,0.102931102859,0.0117172008508,0.00115369362224,0,0,0,0,0,3.60529256949E-05,0,0,0.114287774453,0,0,0,0,0,3.60529256949E-05,0,0,0,0,0,0,0.000396582182644,0,0,0,0,0.000721058513898,0.690521685835,0.000360529256949,0,0,0,0.0778382665753,0,0,0,0,0,0,0,0,0,0.00342502794102,0,0.099506074918,0,0.0117172008508,0.00115369362224,0,0,0,0,0,0,0,0,0,0,0,0,0,0,3.60529256949E-05,0,0,0,0,0,0,0,0,0,0.00014421170278,0,0,0.114107509824,0,0,3.60529256949E-05,0,0,0,0,0,0,0,0,0,3.60529256949E-05,0,0,0,0,0,0,0,0,0
Bgtw1.T1.m2,TGCTGCTTAACAC,Bgtw1.T1,Twins34,Healthy Twins Triplets,33,female,23933,88983,Bangladesh,4.35236768802E-05,0,0,0,0,0.734287952646,0.137708913649,0,0,0,0.101627785515,0,0,0,0.0263318245125,0,0,0,0,0,0,0,4.35236768802E-05,0,0,0,0,0.703429665738,0.0308582869081,0,0,0.137708913649,0,0,0,0,0,0,0,0,0.0319463788301,0.066504178273,0.00317722841226,0,0,0,0,0,0,0,0,0.0263318245125,0,0,0,0,0,0,0,0,0,0,0,0,4.35236768802E-05,0,0,0,0,0.000174094707521,0.703255571031,0.0308582869081,0,0,0,0.137708913649,0,0,0,0,0,0,0,0,0,0.000174094707521,0,0.0317722841226,0,0.066504178273,0.00317722841226,0,0,0,0,0,0,0,0,0,0,0,0,0,0,0,0,0,0,0,0,0,0,0,0,0,0,0,0.0262883008357,0,0,0,4.35236768802E-05,0,0,0,0,0,0,0,0,0,0,0,0,0,0,0,0,0,0
Bgtw1.T1.m3,TTCTGGGAACACG,Bgtw1.T1,Twins34,Healthy Twins Triplets,63,female,23933,88983,Bangladesh,0,0,0,0,0,0.938108634495,0.00216403375893,0,0,0,0.0500973815192,0,0,0,0.00962995022722,0,0,0,0,0,0,0,0,0,0,0,0,0.914304263147,0.0238043713482,0,0,0.00216403375893,0,0,0,0,0,0,0,0,0.0500973815192,0,0,0,0,0,0,0,0,0,0,0.00962995022722,0,0,0,0,0,0,0,0,0,0,0,0,0,0,0,0,0,0.000108201687946,0.914196061459,0.0238043713482,0,0,0,0.00216403375893,0,0,0,0,0,0,0,0,0,0.000541008439732,0,0.0495563730794,0,0,0,0,0,0,0,0,0,0,0,0,0,0,0,0,0,0,0,0,0,0,0,0,0,0,0,0,0,0,0.00962995022722,0,0,0,0,0,0,0,0,0,0,0,0,0,0,0,0,0,0,0,0,0,0
Bgtw1.T1.m4,TACCCAGAGATCT,Bgtw1.T1,Twins12,Healthy Twins Triplets,93,female,23933,88983,Bangladesh,0.000156243896723,0,0,0,0,0.118081324948,0,0,0,0,0.868442638959,0,0,0,0.0133197921956,0,0,0,0,0,0,0,0.000156243896723,0,0,0,0,0.118081324948,0,0,0,0,0,0,0,0,0,0,0,0,0.868208273114,0.000234365845084,0,0,0,0,0,0,0,0,0,0.0133197921956,0,0,0,0,0,0,0,0,0,0,0,0,0.000156243896723,0,0,0,0,0.000117182922542,0.117964142026,0,0,0,0,0,0,0,0,0,0,0,0,0,0,0.000859341431975,7.81219483614E-05,0.867270809734,0,0.000234365845084,0,0,0,0,0,0,0,0,0,0,0,0,0,0,0,0,0,0,0,0,0,0,0,0,0,0,0,0,0.0132807312214,0,0,0,3.90609741807E-05,0,0,0,0,0,0,0,0,0,0,0,0,0,0,0,0,0,0
Bgtw1.T1.m5,TGTGCTGTGTAGA,Bgtw1.T1,Twins12,Healthy Twins Triplets,123,female,23933,88983,Bangladesh,0.000263921879124,0,0,0,0,0.141273611582,0.00116879689326,0,0,0,0.85246766957,0,0,0,0.00482600007541,0,0,0,0,0,0,0,0.000263921879124,0,0,0,0,0.138747502168,0.00252610941447,0,0,0.00116879689326,0,0,0,0,0,0,0,0,0.851789013309,0.000678656260604,0,0,0,0,0,0,0,0,0,0.00482600007541,0,0,0,0,0,0,0,0,0,0,0,0,0.000263921879124,0,0,0,0,0.000113109376767,0.138634392791,0.00252610941447,0,0,0,0.00116879689326,0,0,0,0,0,0,0,0,0,0,0,0.851789013309,0,0.000678656260604,0,0,0,0,0,0,0,0,0,0,0,0,0,0,0,0,0,0,0,0,0,0,0,0,0,0,0,0,0.00482600007541,0,0,0,0,0,0,0,0,0,0,0,0,0,0,0,0,0,0,0,0,0,0
Bgtw1.T1.m6,ATGAGACTCCACT,Bgtw1.T1,Twins56_run1 and Twins56_run2,Healthy Twins Triplets,165,female,23933,88983,Bangladesh,9.74057599273E-05,0,0,0,0,0.740868210007,0.00392869898373,0,0,0,0.25046267736,0,0,0,0.00464300788987,0,0,0,0,0,0,0,9.74057599273E-05,0,0,0,0,0.693204324816,0.0476638851911,0,0,0.00392869898373,0,0,0,0,0,0,0,0,0.247540504562,0.00269489269132,0.000227280106497,0,0,0,0,3.24685866424E-05,0,0,0,0.00461053930322,0,0,0,0,0,0,0,0,0,0,0,0,9.74057599273E-05,0,0,0,0,0.000454560212994,0.692749764603,0.0476638851911,0,0,0,0.00392869898373,0,0,0,0,0,0,0,0,0,6.49371732848E-05,6.49371732848E-05,0.247410630215,0,0.00269489269132,0.000227280106497,0,0,0,0,0,0,0,0,0,3.24685866424E-05,0,0,0,0,0,0,0,0,0,0,0,0,0,0,0,0,0,0.00444819637001,0,0,0,0.000162342933212,0,0,0,0,0,0,0,0,0,0,0,0,0,0,0,0,0,0
Bgtw1.T1.m7,AACCATCGGGTGA,Bgtw1.T1,Twins34,Healthy Twins Triplets,180,female,23933,88983,Bangladesh,0,0,0,0,0,0.600942562592,0.203711340206,0,0,0,0.079823269514,5.89101620029E-05,0,0,0.115463917526,0,0,0,0,0,0,0,0,0,0,0,0,0.485125184094,0.115817378498,0,0,0.203711340206,0,0,0,0,0,0,0,0,0.0385861561119,0.040058910162,0.00117820324006,5.89101620029E-05,0,0,0,0,0,0,5.89101620029E-05,0.115405007364,0,0,0,0,0,0,0,0,0,0,0,0,0,0,0,0,0,0.000471281296024,0.484653902798,0.115817378498,0,0,0,0.203711340206,0,0,0,0,0,0,0,0,0,0.000294550810015,0,0.0382916053019,0,0.040058910162,0.00117820324006,5.89101620029E-05,0,0,0,0,0,0,0,0,0,0,0,0,0,0,0,0,0,0,0,0,0,5.89101620029E-05,0,0,0,0,0.115346097202,0,0,0,5.89101620029E-05,0,0,0,0,0,0,0,0,0,0,0,0,0,0,0,0,0,0
Bgtw1.T1.m6.dr,CGTCTGGTTCCTA,Bgtw1.T1,Twins78,Healthy Twins Triplets,189,female,23933,88983,Bangladesh,0,0,0,0,0,0.023903825544,0.00023298075579,0,0,0,0.00698942267369,0,0,0,0.968873771027,0,0,0,0,0,0,0,0,0,0,0,0,0.0237640370905,0.000139788453474,0,0,0.00023298075579,0,0,0,0,0,0,0,0,0.00666324961558,0.000326173058105,0,0,0,0,0,0,0,0,0,0.968873771027,0,0,0,0,0,0,0,0,0,0,0,0,0,0,0,0,0,0.000559153813895,0.0232048832766,0.000139788453474,0,0,0,0.00023298075579,0,0,0,0,0,0,0,0,0,0,0.000139788453474,0.00652346116211,0,0.000326173058105,0,0,0,0,0,0,0,0,0,0,0,0,0,0,0,0,0,0,0,0,0,0,0,0,0,4.65961511579E-05,0,0,0.968780578724,0,0,4.65961511579E-05,0,0,0,0,0,0,0,0,0,0,0,0,0,0,0,0,0,0,0
Bgtw1.T2.m2,CATCGGTCAAGGA,Bgtw1.T2,Twins12,Healthy Twins Triplets,33,female,23933,88983,Bangladesh,0.000188465887674,0,0,0,0,0.147694433974,0.0868199522553,0,0,0,0.0577962055535,0,0,0,0.707500942329,0,0,0,0,0,0,0,0.000188465887674,0,0,0,0,0.147694433974,0,0,0,0.0868199522553,0,0,0,0,0,0,0,0,0.0577333835909,0,6.28219625581E-05,0,0,0,0,0,0,0,0.000125643925116,0.707375298404,0,0,0,0,0,0,0,0,0,0,0,0,0.000188465887674,0,0,0,0,0.000125643925116,0.147568790049,0,0,0,0,0.0868199522553,0,0,0,0,0,0,0,0,0,6.28219625581E-05,0,0.0576705616283,0,0,6.28219625581E-05,0,0,0,0,0,0,0,0,0,0,0,0,0,0,0,0,0,0,0,0,0,0,0.000125643925116,0,0,0,0,0.707249654479,0,0,0,0.000125643925116,0,0,0,0,0,0,0,0,0,0,0,0,0,0,0,0,0,0
Bgtw1.T2.m3,GTCATATCGTACG,Bgtw1.T2,Twins12,Healthy Twins Triplets,63,female,23933,88983,Bangladesh,0.000127502231289,0,0,0,0,0.906987122275,0.00541884482978,0,0,0,0.070126227209,6.37511156445E-05,0,0,0.0172765523397,0,0,0,0,0,0,0,0.000127502231289,0,0,0,0,0.886459263037,0.0205278592375,0,0,0.00541884482978,0,0,0,0,0,0,0,0,0.052913425985,0.015427769986,0.00178503123805,6.37511156445E-05,0,0,0,0,0,0,0,0.0172765523397,0,0,0,0,0,0,0,0,0,0,0,0,0.000127502231289,0,0,0,0,6.37511156445E-05,0.886395511921,0.0205278592375,0,0,0,0.00541884482978,0,0,0,0,0,0,0,0,0,0.000127502231289,0,0.0527859237537,0,0.015427769986,0.00178503123805,6.37511156445E-05,0,0,0,0,0,0,0,0,0,0,0,0,0,0,0,0,0,0,0,0,0,0,0,0,0,0,0.0172765523397,0,0,0,0,0,0,0,0,0,0,0,0,0,0,0,0,0,0,0,0,0,0
Bgtw1.T2.m4,GGCCACGTAGTAT,Bgtw1.T2,Twins56_run1 and Twins56_run2,Healthy Twins Triplets,90,female,23933,88983,Bangladesh,0.000103312900337,0,0,0,0,0.243233005028,0.0012053171706,0,0,0,0.748295337144,0,0,0,0.00716302775673,0,0,0,0,0,0,0,0.000103312900337,0,0,0,0,0.184172463668,0.0590605413596,0,0,0.00117087953716,3.44376334458E-05,0,0,0,0,0,0,0,0.706453612508,0.0418417246367,0,0,0,0,0,0,0,0,0,0.00716302775673,0,0,0,0,0,0,0,0,0,0,0,0,0.000103312900337,0,0,0,0,6.88752668917E-05,0.184103588401,0.0590605413596,0,0,0,0.00117087953716,3.44376334458E-05,0,0,0,0,0,0,0,0,0.00154969350506,0,0.704903919003,0,0.0418417246367,0,0,0,0,0,0,0,0,0,0,0,0,0,0,0,0,0,0,0,0,0,0,0,0,0,0,0,0,0.00716302775673,0,0,0,0,0,0,0,0,0,0,0,0,0,0,0,0,0,0,0,0,0,0
Bgtw1.T2.m5,GTAAGTCGTGGCA,Bgtw1.T2,Twins12,Healthy Twins Triplets,123,female,23933,88983,Bangladesh,0.000204932030876,0,0,0,0,0.175968303846,0,0,0,0,0.815629482888,0.000409864061753,0,0,0.0077874171733,0,0,0,0,0,0,0,0.000204932030876,0,0,0,0,0.173987294214,0.00198100963181,0,0,0,0,0,0,0,0,0,0,0,0.729011544504,0.0866179383838,0,0.000409864061753,0,0,0,0,0,0,0,0.0077874171733,0,0,0,0,0,0,0,0,0,0,0,0,0.000204932030876,0,0,0,0,0.000273242707835,0.173714051506,0.00198100963181,0,0,0,0,0,0,0,0,0,0,0,0,0,0.00314229114011,0,0.725869253364,0,0.0866179383838,0,0.000409864061753,0,0,0,0,0,0,0,0,0,0,0,0,0,0,0,0,0,0,0,0,0,0,0,0,0,0,0.00771910649635,0,0,0,6.83106769588E-05,0,0,0,0,0,0,0,0,0,0,0,0,0,0,0,0,0,0
Bgtw1.T2.m6,CTGGCCTAGGAAT,Bgtw1.T2,Twins12,Healthy Twins Triplets,165,female,23933,88983,Bangladesh,0.000112397437338,0,0,0,0,0.626503315724,0.0104529616725,0,0,0,0.356749466112,0.000187329062231,0,0,0.00599452999138,0,0,0,0,0,0,0,0.000112397437338,0,0,0,0,0.530328575175,0.0961747405492,0,0,0.0104529616725,0,0,0,0,0,0,0,0,0.250983477577,0.105691056911,7.49316248923E-05,0.000187329062231,0,0,0,0,0,0,0,0.00599452999138,0,0,0,0,0,0,0,0,0,0,0,0,0.000112397437338,0,0,0,0,0.00131130343562,0.52901727174,0.0961747405492,0,0,0,0.0104529616725,0,0,0,0,0,0,0,0,0,0.002435277809,0.000112397437338,0.24843580233,0,0.105691056911,7.49316248923E-05,0.000187329062231,0,0,0,0,0,0,0,0,0,0,0,0,0,0,0,0,0,0,0,0,0,0,0,0,0,0,0.00599452999138,0,0,0,0,0,0,0,0,0,0,0,0,0,0,0,0,0,0,0,0,0,0
Bgtw1.T2.m7,CCTAAGCACATGT,Bgtw1.T2,Twins34,Healthy Twins Triplets,180,female,23933,88983,Bangladesh,0,0,0,0,0,0.704971069495,0.0795744416102,0,0,0,0.209730604119,0,0,0,0.00572388477571,0,0,0,0,0,0,0,0,0,0,0,0,0.53841846575,0.166552603745,0,0,0.0795744416102,0,0,0,0,0,0,0,0,0.0166739252162,0.18770609096,0.00535058794251,0,0,0,0,0,0.000124432277733,0,0,0.00559945249798,0,0,0,0,0,0,0,0,0,0,0,0,0,0,0,0,0,0.000124432277733,0.538294033472,0.166552603745,0,0,0,0.0795744416102,0,0,0,0,0,0,0,0,0,0.000186648416599,0,0.0164872767996,0,0.18770609096,0.00535058794251,0,0,0,0,0,0,0,0,0,0,0,0,0,0,0.000124432277733,0,0,0,0,0,0,0,0,0,0,0,0,0.00553723635911,0,0,6.22161388664E-05,0,0,0,0,0,0,0,0,0,0,0,0,0,0,0,0,0,0,0
Bgtw10.T1.m1,GACACATTTCTGC,Bgtw10.T1,TwinsRX,Healthy Twins Triplets,3,female,23933,88983,Bangladesh,7.73006609207E-05,0,0,0,0,0.00220306883624,0.0889730607197,0,0,0,0.212074363236,3.86503304603E-05,0,0,0.696633556217,0,0,0,0,0,0,0,7.73006609207E-05,0,0,0,0,0.00220306883624,0,0,0,0.0889730607197,0,0,0,0,0,0,0,0,0.191512387431,0.0205619758049,0,3.86503304603E-05,0,0,0,0,3.86503304603E-05,0,0,0.696594905886,0,0,0,0,0,0,0,0,0,0,0,0,7.73006609207E-05,0,0,0,0,0.000425153635064,0.00177791520117,0,0,0,0,0.0889730607197,0,0,0,0,0,0,0,0,0,0.000695705948286,0,0.190816681483,0,0.0205619758049,0,3.86503304603E-05,0,0,0,0,0,0,0,0,0,0,0,0,0,3.86503304603E-05,0,0,0,0,0,0,0,0,0,0,0,0,0.696594905886,0,0,0,0,0,0,0,0,0,0,0,0,0,0,0,0,0,0,0,0,0,0
Bgtw10.T1.m2,AACCATCGGGTGA,Bgtw10.T1,Twins12,Healthy Twins Triplets,30,female,23933,88983,Bangladesh,0.000113410830734,0,0,0,0,0.784859654097,0.00107740289198,0,0,0,0.187354692373,0,0,0,0.0265948398072,0,0,0,0,0,0,0,0.000113410830734,0,0,0,0,0.784802948682,5.67054153672E-05,0,0,0.000850581230508,0.000226821661469,0,0,0,0,0,0,0,0.186844343635,0.000510348738305,0,0,0,0,0,0,0,0,0,0.0265948398072,0,0,0,0,0,0,0,0,0,0,0,0,0.000113410830734,0,0,0,0,0.000907286645875,0.783895662036,5.67054153672E-05,0,0,0,0.000850581230508,0.000226821661469,0,0,0,0,0,0,0,0,0.037368868727,5.67054153672E-05,0.149418769492,0,0.000510348738305,0,0,0,0,0,0,0,0,0,0,0,0,0,0,0,0,0,0,0,0,0,0,0,0,0,0,0,0,0.0265381343918,0,0,0,5.67054153672E-05,0,0,0,0,0,0,0,0,0,0,0,0,0,0,0,0,0,0
Bgtw10.T1.m3,TGTTTGAGCTGTC,Bgtw10.T1,Twins12,Healthy Twins Triplets,60,female,23933,88983,Bangladesh,0.000138921046539,0,0,0,0,0.632600138921,0.000463070155129,0,0,0,0.101412363973,0,0,0,0.265339198889,0,0,0,4.63070155129E-05,0,0,0,0.000138921046539,0,0,0,0,0.627460060199,0.00514007872193,0,0,0.00032414910859,0.000138921046539,0,0,0,0,0,0,0,0.0982171799028,0.00319518407039,0,0,0,0,0,0.000231535077564,9.26140310257E-05,0,0,0.26501504978,0,0,0,0,0,4.63070155129E-05,0,0,0,0,0,0,0.000138921046539,0,0,0,0,0.00097244732577,0.626487612873,0.00514007872193,0,0,0,0.00032414910859,0.000138921046539,0,0,0,0,0,0,0,0,0.00333410511693,0,0.0948830747858,0,0.00319518407039,0,0,0,0,0,0,0,9.26140310257E-05,0,0,0.000138921046539,0,0,0,0,9.26140310257E-05,0,0,0,0,0,0,0,0,0,0,0,0,0.264551979625,0,0,0,0.000138921046539,0.00032414910859,0,0,0,0,0,0,0,4.63070155129E-05,0,0,0,0,0,0,0,0,0
Bgtw10.T1.m2.dr,TGCTGCTTAACAC,Bgtw10.T1,Twins78,Healthy Twins Triplets,60,female,23933,88983,Bangladesh,0,0,0,0,0,0.551078141699,0.000314327025838,0,0,0,0.105048092035,0,0,0,0.34330797762,0,0,0,0,0,0,0.00025146162067,0,0,0,0,0,0.539699503363,0.0113786383353,0,0,0.00025146162067,6.28654051675E-05,0,0,0,0,0,0,0,0.104105110957,0.000942981077513,0,0,0,0,0,6.28654051675E-05,0,0,0,0.343245112215,0,0,0,0,0,0,0,0,0,0,0,0.00025146162067,0,0,0,0,0,0.00289180863771,0.536807694726,0.0113786383353,0,0,0,0.00025146162067,6.28654051675E-05,0,0,0,0,0,0,0,0,0.025523354498,0,0.0785817564594,0,0.000942981077513,0,0,0,0,0,0,0,0,0,0,0,0,0,6.28654051675E-05,0,0,0,0,0,0,0,0,0,0,0,0,0,0,0.342805054379,0,0,0,0.000314327025838,0.000125730810335,0,0,0,0,0,0,0,0,0,0,0,0,0,0,0,0,0.00025146162067
Bgtw10.T1.m4,TTGCTGGTCCTCT,Bgtw10.T1,Twins34,Healthy Twins Triplets,90,female,23933,88983,Bangladesh,0,0,0,0,0,0.857968895387,0.0404758739864,0,0,0,0.0235943107803,0,0,0,0.0779609198458,0,0,0,0,0,0,0,0,0,0,0,0,0.853316496079,0.00465239930879,0,0,0.0404758739864,0,0,0,0,0,0,0,0,0.0195400770969,0.00405423368337,0,0,0,0,0,0,0,0,0,0.0779609198458,0,0,0,0,0,0,0,0,0,0,0,0,0,0,0,0,0,0.000465239930879,0.852851256148,0.00465239930879,0,0,0,0.0404758739864,0,0,0,0,0,0,0,0,0,0.000598165625415,0,0.0189419114715,0,0.00405423368337,0,0,0,0,0,0,0,0,0,0,0,0,0,0,0,0,0,0,0,0,0,0,0,0,0,0,0,0,0.0779609198458,0,0,0,0,0,0,0,0,0,0,0,0,0,0,0,0,0,0,0,0,0,0
Bgtw10.T1.m4.dra,GTCTCATGTAGGC,Bgtw10.T1,Twins78,Healthy Twins Triplets,105,female,23933,88983,Bangladesh,0.000163092228655,0,0,0,0,0.705944711734,0.000489276685966,0,0,0,0.0224251814401,0,0,0,0.270896191796,0,0,0,8.15461143277E-05,0,0,0,0.000163092228655,0,0,0,0,0.698197830873,0.00774688086113,0,0,0.000489276685966,0,0,0,0,0,0,0,0,0.0220174508685,0.000407730571638,0,0,0,0,0,0,0,0,0,0.270896191796,0,0,0,0,0,8.15461143277E-05,0,0,0,0,0,0,0.000163092228655,0,0,0,0,0.00130473782924,0.696893093044,0.00774688086113,0,0,0,0.000489276685966,0,0,0,0,0,0,0,0,0,0,0,0.0220174508685,0,0.000407730571638,0,0,0,0,0,0,0,0,0,0,0,0,0,0,0,0,0,0,0,0,0,0,0,0,0,0,0,0,0.270896191796,0,0,0,0,0,0,0,0,0,0,0,0,0,0,8.15461143277E-05,0,0,0,0,0,0,0
Bgtw10.T1.m5,CAGCTAGAACGCT,Bgtw10.T1,Twins12,Healthy Twins Triplets,120,female,23933,88983,Bangladesh,0.000135016539526,0,0,0,0,0.355262269628,0.0237291568217,0,0,0,0.0320326740026,3.37541348815E-05,0,0,0.588638358199,0,0,0,0.000168770674408,0,0,0,0.000135016539526,0,0,0,0,0.354958482414,0.000303787213934,0,0,0.0237291568217,0,0,0,0,0,0,0,0,0.0265307500169,0.00550192398569,0,3.37541348815E-05,0,0,0,0,0,0,0,0.588638358199,0,0,0,0,0,0.000168770674408,0,0,0,0,0,0,0.000135016539526,0,0,0,0,0.00189023155337,0.353068250861,0.000303787213934,0,0,0,0.0237291568217,0,0,0,0,0,0,0,0,0,0,6.7508269763E-05,0.0264632417471,0,0.00550192398569,0,3.37541348815E-05,0,0,0,0,0,0,0,0,0,0,0,0,0,0,0,0,0,0,0,0,0,0,0,0,0,0,0.588638358199,0,0,0,0,0,0,0,0,0,0,0,0,0,0,0.000168770674408,0,0,0,0,0,0,0
Bgtw10.T1.m4.drb,AATTAGGCAGAGC,Bgtw10.T1,Twins78,Healthy Twins Triplets,126,female,23933,88983,Bangladesh,0,0,0,0,0,0.0382674247748,0.000766626205839,0,0,0,0.0205711365234,0,0,0,0.940394812496,0,0,0,0,0,0,0,0,0,0,0,0,0.0336037820226,0.00466364275219,0,0,0.000702740688686,0,6.38855171533E-05,0,0,0,0,0,0,0.0205072510062,6.38855171533E-05,0,0,0,0,0,0,0,0,0,0.940394812496,0,0,0,0,0,0,0,0,0,0,0,0,0,0,0,0,0,0.0020443365489,0.0315594454737,0.00466364275219,0,0,0,0.000702740688686,0,6.38855171533E-05,0,0,0,0,0,0,0,0,0,0.0205072510062,0,6.38855171533E-05,0,0,0,0,0,0,0,0,0,0,0,0,0,0,0,0,0,0,0,0,0,0,0,0,0,0,0,0,0.940330926979,0,0,6.38855171533E-05,0,0,0,0,0,0,0,0,0,0,0,0,0,0,0,0,0,0,0
Bgtw10.T1.m6,TAAGGTAAGGTGC,Bgtw10.T1,Twins56_run1 and Twins56_run2,Healthy Twins Triplets,150,female,23933,88983,Bangladesh,9.17262887544E-05,0,0,0,0,0.676297926986,0.000183452577509,0,0,0,0.316088791048,0,0,0,0.00733810310035,0,0,0,0,0,0,0,9.17262887544E-05,0,0,0,0,0.676160337553,0.000137589433132,0,0,0.000137589433132,4.58631443772E-05,0,0,0,0,0,0,0,0.313245276096,0.00284351495139,0,0,0,0,0,4.58631443772E-05,4.58631443772E-05,0,4.58631443772E-05,0.00720051366722,0,0,0,0,0,0,0,0,0,0,0,0,9.17262887544E-05,0,0,0,0,0.00151348376445,0.674646853788,0.000137589433132,0,0,0,0.000137589433132,4.58631443772E-05,0,0,0,0,0,0,0,0,0,0,0.313245276096,0,0.00284351495139,0,0,0,0,0,0,0,0,0,4.58631443772E-05,0,0,0,0,0,4.58631443772E-05,0,0,0,0,0,0,0,4.58631443772E-05,0,0,0,0,0.00715465052284,0,0,0,4.58631443772E-05,0,0,0,0,0,0,0,0,0,0,0,0,0,0,0,0,0,0
Bgtw10.T1.m7,CTCTACCTCTACA,Bgtw10.T1,Twins56_run1 and Twins56_run2,Healthy Twins Triplets,180,female,23933,88983,Bangladesh,7.20097933319E-05,0,0,0,0,0.791207604234,0.00576078346655,0,0,0,0.0823071937784,0,0,0,0.120652408728,0,0,0,0,0,0,0,7.20097933319E-05,0,0,0,0,0.791171599338,3.60048966659E-05,0,0,0.00576078346655,0,0,0,0,0,0,0,0,0.0673291567653,0.014978037013,0,0,0,0,0,0,0,0,0,0.120652408728,0,0,0,0,0,0,0,0,0,0,0,0,7.20097933319E-05,0,0,0,0,0.00219629869662,0.788975300641,3.60048966659E-05,0,0,0,0.00576078346655,0,0,0,0,0,0,0,0,0,0.000288039173328,0.000252034276662,0.0667890833153,0,0.014978037013,0,0,0,0,0,0,0,0,0,0,0,0,0,0,0,0,0,0,0,0,0,0,0,0,0,0,0,0,0.120652408728,0,0,0,0,0,0,0,0,0,0,0,0,0,0,0,0,0,0,0,0,0,0
Bgtw10.T2.m1,CGATTTCTCAAGC,Bgtw10.T2,Twins12,Healthy Twins Triplets,3,female,23933,88983,Bangladesh,0,0,0,0,0,0.00203741433599,0,0,0,0,0.0540223498179,0,0,0,0.943940235846,0,0,0,0,0,0,0,0,0,0,0,0,0.00203741433599,0,0,0,0,0,0,0,0,0,0,0,0,0.0446378959066,0.00938445391122,0,0,0,0,0,0,0,0,0,0.943940235846,0,0,0,0,0,0,0,0,0,0,0,0,0,0,0,0,0,0.00179045502254,0.000246959313453,0,0,0,0,0,0,0,0,0,0,0,0,0,0,0.0202506637032,0.000123479656727,0.0242637525468,0,0.00938445391122,0,0,0,0,0,0,0,0,0,0,0,0,0,0,0,0,0,0,0,0,0,0,0,0,6.17398283633E-05,0.000123479656727,0,0,0.896462307835,0,0,0,0.0472927085263,0,0,0,0,0,0,0,0,0,0,0,0,0,0,0,0,0,0
Bgtw10.T2.m2,TAACGCTTGGGTA,Bgtw10.T2,TwinsRX,Healthy Twins Triplets,33,female,23933,88983,Bangladesh,0,0,0,0,0,0.965073643652,0,0,0,0,0.0161581008017,0,0,0,0.0187682555466,0,0,0,0,0,0,0,0,0,0,0,0,0.965073643652,0,0,0,0,0,0,0,0,0,0,0,0,0.0159716611771,0.000186439624635,0,0,0,0,0,0,0,0,0,0.0187682555466,0,0,0,0,0,0,0,0,0,0,0,0,0,0,0,0,0,0.000435025790815,0.964638617861,0,0,0,0,0,0,0,0,0,0,0,0,0,0,0.00024858616618,0,0.0157230750109,0,0.000186439624635,0,0,0,0,0,0,0,0,0,0,0,0,0,0,0,0,0,0,0,0,0,0,0,0,0,0,0,0,0.0187682555466,0,0,0,0,0,0,0,0,0,0,0,0,0,0,0,0,0,0,0,0,0,0
Bgtw10.T2.m3,TACACGATCTACG,Bgtw10.T2,Twins12,Healthy Twins Triplets,60,female,23933,88983,Bangladesh,7.37844019774E-05,0,0,0,0,0.728178263115,0.0323913524681,0,0,0,0.0602080720136,0,0,0,0.179148528001,0,0,0,0,0,0,0,7.37844019774E-05,0,0,0,0,0.716741680809,0.0114365823065,0,0,0.0323913524681,0,0,0,0,0,0,0,0,0.0598391500037,0.000368922009887,0,0,0,0,0,0,0,0,0,0.179148528001,0,0,0,0,0,0,0,0,0,0,0,0,7.37844019774E-05,0,0,0,0,0.000590275215819,0.716151405593,0.0114365823065,0,0,0,0.0323913524681,0,0,0,0,0,0,0,0,0,0.000147568803955,0,0.0596915811997,0,0.000368922009887,0,0,0,0,0,0,0,0,0,0,0,0,0,0,0,0,0,0,0,0,0,0,0,0,0,0,0,0,0.179000959197,0,0,0,0.000147568803955,0,0,0,0,0,0,0,0,0,0,0,0,0,0,0,0,0,0
Bgtw10.T2.m2.dr,ACATAACGCCGTA,Bgtw10.T2,Twins78,Healthy Twins Triplets,60,female,23933,88983,Bangladesh,0.000161786118751,0,0,0,0,0.620557622823,0.000161786118751,0,0,0,0.0829962789193,0,0,0,0.296122526021,0,0,0,0,0,0,0,0.000161786118751,0,0,0,0,0.620395836704,0.000161786118751,0,0,0.000161786118751,0,0,0,0,0,0,0,0,0.0798684139567,0.00312786496252,0,0,0,0,0,0,0,0,0,0.296122526021,0,0,0,0,0,0,0,0,0,0,0,0,0.000161786118751,0,0,0,0,0.00107857412501,0.619317262579,0.000161786118751,0,0,0,0.000161786118751,0,0,0,0,0,0,0,0,0,0.000215714825001,0,0.0796526991317,0,0.00312786496252,0,0,0,0,0,0,0,0,0,0,0,0,0,0,0,0,0,0,0,0,0,0,0,0,0,0,0,0,0.296068597314,0,0,0,5.39287062503E-05,0,0,0,0,0,0,0,0,0,0,0,0,0,0,0,0,0,0
Bgtw10.T2.m4,GACTTGGTATTCG,Bgtw10.T2,Twins12,Healthy Twins Triplets,90,female,23933,88983,Bangladesh,0.000148920327625,0,0,0,0,0.710126582278,0.0641846612063,0,0,0,0.0335070737156,0,0,0,0.192032762472,0,0,0,0,0,0,0,0.000148920327625,0,0,0,0,0.710126582278,0,0,0,0.0641846612063,0,0,0,0,0,0,0,0,0.0253164556962,0.00819061801936,0,0,0,0,0,0,0,0,0,0.192032762472,0,0,0,0,0,0,0,0,0,0,0,0,0.000148920327625,0,0,0,0,0.000148920327625,0.709977661951,0,0,0,0,0.0641846612063,0,0,0,0,0,0,0,0,0,7.44601638124E-05,0,0.0252419955324,0,0.00819061801936,0,0,0,0,0,0,0,0,0,0,0,0,0,0,0,0,0,0,0,0,0,0,0,0,0,0,0,0,0.192032762472,0,0,0,0,0,0,0,0,0,0,0,0,0,0,0,0,0,0,0,0,0,0
Bgtw10.T2.m4.dra,TGACTTTGTGTGC,Bgtw10.T2,Twins78,Healthy Twins Triplets,105,female,23933,88983,Bangladesh,0,0,0,0,0,0.875186721992,0.000497925311203,0,0,0,0.0167634854772,0,0,0,0.10755186722,0,0,0,0,0,0,0,0,0,0,0,0,0.867800829876,0.00738589211618,0,0,0.000497925311203,0,0,0,0,0,0,0,0,0.0165975103734,0.000165975103734,0,0,0,0,0,0,0,0,0,0.10755186722,0,0,0,0,0,0,0,0,0,0,0,0,0,0,0,0,0,0.000746887966805,0.867053941909,0.00738589211618,0,0,0,0.000497925311203,0,0,0,0,0,0,0,0,0,8.29875518672E-05,0,0.0165145228216,0,0.000165975103734,0,0,0,0,0,0,0,0,0,0,0,0,0,0,0,0,0,0,0,0,0,0,0,0,0,0,0,0,0.10755186722,0,0,0,0,0,0,0,0,0,0,0,0,0,0,0,0,0,0,0,0,0,0
Bgtw10.T2.m5,CCTGAACTAGTTG,Bgtw10.T2,Twins12,Healthy Twins Triplets,120,female,23933,88983,Bangladesh,9.85998816801E-05,0,0,0,0,0.614375862749,0.00828239006113,0,0,0,0.0229737724315,4.92999408401E-05,0,0,0.354220074936,0,0,0,0,0,0,0,9.85998816801E-05,0,0,0,0,0.614375862749,0,0,0,0.00828239006113,0,0,0,0,0,0,0,0,0.0207552750937,0.0022184973378,0,4.92999408401E-05,0,0,0,0,0,0,0,0.354220074936,0,0,0,0,0,0,0,0,0,0,0,0,9.85998816801E-05,0,0,0,0,0.00192269769276,0.612453165056,0,0,0,0,0.00828239006113,0,0,0,0,0,0,0,0,0,9.85998816801E-05,0,0.020656675212,0,0.0022184973378,0,4.92999408401E-05,0,0,0,0,0,0,0,0,0,0,0,0,0,0,0,0,0,0,0,0,0,0,0,0,0,0,0.354220074936,0,0,0,0,0,0,0,0,0,0,0,0,0,0,0,0,0,0,0,0,0,0
Bgtw10.T2.m4.drb,CTATACCACGGAT,Bgtw10.T2,Twins78,Healthy Twins Triplets,126,female,23933,88983,Bangladesh,0,0,0,0,0,0.349798155502,0.0441104072992,0,0,0,0.0980340674128,0,0,0,0.508057369786,0,0,0,0,0,0,0,0,0,0,0,0,0.33470084348,0.0150973120221,0,0,0.0441104072992,0,0,0,0,0,0,0,0,0.0975745840034,0.000426663165841,3.28202435262E-05,0,0,0,0,3.28202435262E-05,9.84607305786E-05,0,0.0518231645279,0.456102924284,0,0,0,0,0,0,0,0,0,0,0,0,0,0,0,0,0,0.00249433850799,0.332206504972,0.0150973120221,0,0,0,0.0441104072992,0,0,0,0,0,0,0,0,0,0,0.000164101217631,0.0974104827858,0,0.000426663165841,3.28202435262E-05,0,0,0,0,0,0,3.28202435262E-05,0,0,0,0,0,0,0,9.84607305786E-05,0,0,0,0,0,0,0,0.0518231645279,0,0,0,0,0.455873182579,0,0,9.84607305786E-05,0.000131280974105,0,0,0,0,0,0,0,0,0,0,0,0,0,0,0,0,0,0
Bgtw10.T2.m6,ACGGCATGGCATA,Bgtw10.T2,Twins56_run1 and Twins56_run2,Healthy Twins Triplets,150,female,23933,88983,Bangladesh,0,0,0,0,0,0.394737925639,0.000123522872319,0,0,0,0.46403425701,0,0,0,0.141104294479,0,0,0,0,0,0,0,0,0,0,0,0,0.39424383415,0.000494091489274,0,0,0.000123522872319,0,0,0,0,0,0,0,0,0.428747889818,0.0352451929016,4.11742907728E-05,0,0,0,0,0,4.11742907728E-05,0,0.000411742907728,0.14065137728,0,0,0,0,0,0,0,0,0,0,0,0,0,0,0,0,0,0.0163873677276,0.377856466422,0.000494091489274,0,0,0,0.000123522872319,0,0,0,0,0,0,0,0,0,0.000205871453864,0.000535265780047,0.428006752584,0,0.0352451929016,4.11742907728E-05,0,0,0,0,0,0,0,0,0,0,0,0,0,0,0,0,4.11742907728E-05,0,0,0,0,0,0.000411742907728,0,4.11742907728E-05,0,0,0.139127928521,0,0,0.00144110017705,4.11742907728E-05,0,0,0,0,0,0,0,0,0,0,0,0,0,0,0,0,0,0
Bgtw10.T2.m7,ATTGGGCTAGGCT,Bgtw10.T2,Twins56_run1 and Twins56_run2,Healthy Twins Triplets,180,female,23933,88983,Bangladesh,9.583439816E-05,0,0,0,0,0.615863787375,0.000415282392027,0,0,0,0.232749808331,0,0,0,0.150875287503,0,0,0,0,0,0,0,9.583439816E-05,0,0,0,0,0.600306670074,0.0155571173013,0,0,0.000415282392027,0,0,0,0,0,0,0,0,0.109410937899,0.123338870432,0,0,0,0,0,0,0,0,3.19447993867E-05,0.150843342704,0,0,0,0,0,0,0,0,0,0,0,0,9.583439816E-05,0,0,0,0,0.00140557117301,0.598901098901,0.0155571173013,0,0,0,0.000415282392027,0,0,0,0,0,0,0,0,0,0,3.19447993867E-05,0.1093789931,0,0.123338870432,0,0,0,0,0,0,0,0,0,0,0,0,0,0,0,0,0,0,0,0,0,0,0,3.19447993867E-05,0,0,0,0,0.150555839509,0,0,0,0.00028750319448,0,0,0,0,0,0,0,0,0,0,0,0,0,0,0,0,0,0
Bgtw11.T1.m1,CTAGATTTGCCAC,Bgtw11.T1,Twins56_run1 and Twins56_run2,Healthy Twins Triplets,0,female,23933,88983,Bangladesh,0,0,0,0,0,0.00103523240968,3.45077469892E-05,0,0,0,0.277718347769,0,0,0,0.721177404327,0,0,0,0,3.45077469892E-05,0,0,0,0,0,0,0,0.000172538734946,0.00086269367473,0,0,3.45077469892E-05,0,0,0,0,0,0,0,0,0.229303978743,0.0444114703751,0.00400289865075,0,0,0,0,0,0.000138030987957,0,0,0.721039373339,0,0,0,0,0,0,0,0,0,3.45077469892E-05,0,0,0,0,0,0,0,0.000103523240968,6.90154939784E-05,0.00086269367473,0,0,0,3.45077469892E-05,0,0,0,0,0,0,0,0,0,0.00141481762656,0.000103523240968,0.227785637876,0,0.0444114703751,0.00400289865075,0,0,0,0,0,0,0,0,0,0,0,0,0,0,0.000138030987957,0,0,0,0,0,0,0,0,0,0,0,0,0.720970357845,0,0,0,6.90154939784E-05,0,0,0,0,0,0,0,0,0,0,0,0,0,0,0,3.45077469892E-05,0,0
Bgtw11.T1.m2,ACTATTGTCACGC,Bgtw11.T1,Twins56_run1 and Twins56_run2,Healthy Twins Triplets,27,female,23933,88983,Bangladesh,0,0,0,0,0,0.58119093588,0,0,0,0,0.368102835078,0,0,0,0.0507062290418,0,0,0,0,0,0,0,0,0,0,0,0,0.580987704502,0.000203231378925,0,0,0,0,0,0,0,0,0,0,0,0.351031399248,0.0170714358297,0,0,0,0,0,0,0,0,0,0.0507062290418,0,0,0,0,0,0,0,0,0,0,0,0,0,0,0,0,0,0.00127019611828,0.579717508383,0.000203231378925,0,0,0,0,0,0,0,0,0,0,0,0,0,0.0596992175592,0.000254039223656,0.291078142465,0,0.0170714358297,0,0,0,0,0,0,0,0,0,0,0,0,0,0,0,0,0,0,0,0,0,0,0,0,0,0,0,0,0.050655421197,0,0,0,5.08078447312E-05,0,0,0,0,0,0,0,0,0,0,0,0,0,0,0,0,0,0
Bgtw11.T1.m3,AGAGCCTACGTTC,Bgtw11.T1,Twins78,Healthy Twins Triplets,60,female,23933,88983,Bangladesh,8.72981230904E-05,0,0,0,0,0.953644696639,0.000349192492361,0,0,0,0.0455696202532,0,0,0,0.000349192492361,0,0,0,0,0,0,0,8.72981230904E-05,0,0,0,0,0.898559580969,0.05508511567,0,0,0.000349192492361,0,0,0,0,0,0,0,0,0.0452204277608,0.000261894369271,8.72981230904E-05,0,0,0,0,0,0,0,0,0.000349192492361,0,0,0,0,0,0,0,0,0,0,0,0,8.72981230904E-05,0,0,0,0,0.00279353993889,0.89576604103,0.05508511567,0,0,0,0.000349192492361,0,0,0,0,0,0,0,0,0,0.00506329113924,8.72981230904E-05,0.0400698384985,0,0.000261894369271,8.72981230904E-05,0,0,0,0,0,0,0,0,0,0,0,0,0,0,0,0,0,0,0,0,0,0,0,0,0,0,0,0.000349192492361,0,0,0,0,0,0,0,0,0,0,0,0,0,0,0,0,0,0,0,0,0,0
Bgtw11.T1.m4,TTAGGGCTCGTAT,Bgtw11.T1,Twins56_run1 and Twins56_run2,Healthy Twins Triplets,87,female,23933,88983,Bangladesh,0.000465080226339,0,0,0,0,0.00217037438958,0.209402371909,0,0,0,0.0545694132238,0,0,0,0.733392760251,0,0,0,0,0,0,0,0.000465080226339,0,0,0,0,0.00186032090536,0.000310053484226,0,0,0.209402371909,0,0,0,0,0,0,0,0,0.0139524067902,0.0406170064336,0,0,0,0,0,0,0.00065886365398,0.000116270056585,0.000348810169754,0.732268816371,0,0,0,0,0,0,0,0,0,0,0,0,0.000465080226339,0,0,0,0,0.0012402139369,0.000620106968452,0.000310053484226,0,0,0,0.209402371909,0,0,0,0,0,0,0,0,0,0,0,0.0139524067902,0,0.0406170064336,0,0,0,0,0,0,0,0,0,0,0,0,0,0,0,0.00065886365398,0,0,0,0,0,0.000116270056585,0,0.000348810169754,0,0.000968917138206,0,0,0.731299899233,0,0,0,0,0,0,0,0,0,0,0,0,0,0,0,0,0,0,0,0,0,0
Bgtw11.T1.m5,CTGGTTAATCTGC,Bgtw11.T1,Twins78,Healthy Twins Triplets,117,female,23933,88983,Bangladesh,5.74415532196E-05,0,0,0,0,0.918490435981,0,0,0,0,0.0256763742892,0,0,0,0.0557757481762,0,0,0,0,0,0,0,5.74415532196E-05,0,0,0,0,0.91757137113,0.000919064851514,0,0,0,0,0,0,0,0,0,0,0,0.0256189327359,5.74415532196E-05,0,0,0,0,0,0,0,0,0,0.0557757481762,0,0,0,0,0,0,0,0,0,0,0,0,5.74415532196E-05,0,0,0,0,0.000287207766098,0.917284163364,0.000919064851514,0,0,0,0,0,0,0,0,0,0,0,0,0,0.00413579183181,0,0.0214831409041,0,5.74415532196E-05,0,0,0,0,0,0,0,0,0,0,0,0,0,0,0,0,0,0,0,0,0,0,0,0,0,0,0,0,0.0557757481762,0,0,0,0,0,0,0,0,0,0,0,0,0,0,0,0,0,0,0,0,0,0
Bgtw11.T1.m6,CCTAAGCACATGT,Bgtw11.T1,Twins78,Healthy Twins Triplets,150,female,23933,88983,Bangladesh,5.86166471278E-05,0,0,0,0,0.533704572098,0,0,0,0,0.448065650645,0,0,0,0.0181711606096,0,0,0,0,0,0,0,5.86166471278E-05,0,0,0,0,0.531594372802,0.0021101992966,0,0,0,0,0,0,0,0,0,0,0,0.447831184056,0.000234466588511,0,0,0,0,0,0,0,0,0,0.0181711606096,0,0,0,0,0,0,0,0,0,0,0,0,5.86166471278E-05,0,0,0,0,0.000468933177022,0.531125439625,0.0021101992966,0,0,0,0,0,0,0,0,0,0,0,0,0,0.00052754982415,0.000937866354045,0.446365767878,0,0.000234466588511,0,0,0,0,0,0,0,0,0,0,0,0,0,0,0,0,0,0,0,0,0,0,0,0,0,0,0,0,0.0181711606096,0,0,0,0,0,0,0,0,0,0,0,0,0,0,0,0,0,0,0,0,0,0
Bgtw11.T1.m7,TAAACCGCGTGTA,Bgtw11.T1,Twins78,Healthy Twins Triplets,189,female,23933,88983,Bangladesh,0.000232666356445,0,0,0,0,0.452536063285,0.00325732899023,0,0,0,0.353245695672,0.169788273616,0,0,0.02093997208,0,0,0,0,0,0,0,0.000232666356445,0,0,0,0,0.452128897161,0.000407166123779,0,0,0.00325732899023,0,0,0,0,0,0,0,0,0.348766868311,0.00442066077245,5.81665891112E-05,0.169788273616,0,0,0,0,0,0,0.00482782689623,0.0161121451838,0,0,0,0,0,0,0,0,0,0,0,0,0.000232666356445,0,0,0,0,0.00133783154956,0.450791065612,0.000407166123779,0,0,0,0.00325732899023,0,0,0,0,0,0,0,0,0,5.81665891112E-05,0.000116333178222,0.348592368544,0,0.00442066077245,5.81665891112E-05,0.169788273616,0,0,0,0,0,0,0,0,0,0,0,0,0,0,0,0,0,0,0,0,0,0.00482782689623,0,0.000232666356445,0,0,0.00791065611913,0,0,0.00732899022801,0.000581665891112,5.81665891112E-05,0,0,0,0,0,0,0,0,0,0,0,0,0,0,0,0,0
Bgtw11.T2.m1,ACGGCATGGCATA,Bgtw11.T2,Twins78,Healthy Twins Triplets,6,female,23933,88983,Bangladesh,6.84462696783E-05,0,0,0,0,0.77665982204,0,0,0,0,0.0605749486653,0,0,0,0.162696783025,0,0,0,0,0,0,0,6.84462696783E-05,0,0,0,0,0.77665982204,0,0,0,0,0,0,0,0,0,0,0,0,0.0605749486653,0,0,0,0,0,0,0,6.84462696783E-05,0,0,0.162628336756,0,0,0,0,0,0,0,0,0,0,0,0,6.84462696783E-05,0,0,0,0,0.00082135523614,0.775838466804,0,0,0,0,0,0,0,0,0,0,0,0,0,0,0.035112936345,6.84462696783E-05,0.0253935660507,0,0,0,0,0,0,0,0,0,0,0,0,0,0,0,0,0,0,0,6.84462696783E-05,0,0,0,0,0,0,0,0,0,0,0.162559890486,0,0,6.84462696783E-05,0,0,0,0,0,0,0,0,0,0,0,0,0,0,0,0,0,0,0
Bgtw11.T2.m2,TAACACCACATCG,Bgtw11.T2,Twins78,Healthy Twins Triplets,33,female,23933,88983,Bangladesh,0,0,0,0,0,0.633093932025,0,0,0,0,0.136345642708,0,0,0,0.230560425267,0,0,0,0,0,0,0,0,0,0,0,0,0.632980829045,0.000113102980264,0,0,0,0,0,0,0,0,0,0,0,0.133404965221,0.00288412599672,5.65514901318E-05,0,0,0,0,0,0,0,0,0.230560425267,0,0,0,0,0,0,0,0,0,0,0,0,0,0,0,0,0,0.00118758129277,0.631793247752,0.000113102980264,0,0,0,0,0,0,0,0,0,0,0,0,0,0.0139682180625,0,0.119436747158,0,0.00288412599672,5.65514901318E-05,0,0,0,0,0,0,0,0,0,0,0,0,0,0,0,0,0,0,0,0,0,0,0,0,0,0,0,0.230560425267,0,0,0,0,0,0,0,0,0,0,0,0,0,0,0,0,0,0,0,0,0,0
Bgtw11.T2.m3,TCGGAGTGTTGTG,Bgtw11.T2,Twins78,Healthy Twins Triplets,60,female,23933,88983,Bangladesh,0,0,0,0,0,0.911207613416,0.00619052018849,0,0,0,0.0746558255567,0,0,0,0.00794604083895,0,0,0,0,0,0,0,0,0,0,0,0,0.890418553081,0.0207890603345,0,0,0.00619052018849,0,0,0,0,0,0,0,0,0.0720687424928,0.000646770765961,0.00194031229788,0,0,0,0,0,0,0,0,0.00794604083895,0,0,0,0,0,0,0,0,0,0,0,0,0,0,0,0,0,0.0052665619514,0.88515199113,0.0207890603345,0,0,0,0.00619052018849,0,0,0,0,0,0,0,0,0,0.00147833317934,0,0.0705904093135,0,0.000646770765961,0.00194031229788,0,0,0,0,0,0,0,0,0,0,0,0,0,0,0,0,0,0,0,0,0,0,0,0,0,0,0,0.00794604083895,0,0,0,0,0,0,0,0,0,0,0,0,0,0,0,0,0,0,0,0,0,0
Bgtw11.T2.m4,TGAGCCGGAATCT,Bgtw11.T2,Twins56_run1 and Twins56_run2,Healthy Twins Triplets,87,female,23933,88983,Bangladesh,0.000199068360075,0,0,0,0,0.00314528008918,0.21399848708,0,0,0,0.558227495322,0,0,0,0.224429669148,0,0,0,0,0,0,0,0.000199068360075,0,0,0,0,0.00173189473265,0.00141338535653,0,0,0.21399848708,0,0,0,0,0,0,0,0,0.0331249751165,0.525082613369,1.99068360075E-05,0,0,0,0,0,0.0015925468806,0.00541465939404,0,0.217422462874,0,0,0,0,0,0,0,0,0,0,0,0,0.000199068360075,0,0,0,0,0.00115459648843,0.000577298244217,0.00141338535653,0,0,0,0.21399848708,0,0,0,0,0,0,0,0,0,5.97205080225E-05,0,0.0330652546084,0,0.525082613369,1.99068360075E-05,0,0,0,0,0,0,0,0,0,0,0,0,0,0,0.0015925468806,0,0,0,0,0,0.00541465939404,0,0,0,0,0,0,0.217422462874,0,0,0,0,0,0,0,0,0,0,0,0,0,0,0,0,0,0,0,0,0,0
Bgtw11.T2.m5,TCCGAATTCACAG,Bgtw11.T2,Twins56_run1 and Twins56_run2,Healthy Twins Triplets,120,female,23933,88983,Bangladesh,7.4612945346E-05,0,0,0,0,0.711882111546,0.0452527513524,0,7.4612945346E-05,0,0.171199403096,0.00104458123484,0,0,0.0704719268793,0,0,0,0,0,0,0,7.4612945346E-05,0,0,0,0,0.711210595038,0.000671516508114,0,0,0.0452527513524,0,0,0,0,0,7.4612945346E-05,0,0,0.143107629174,0.0267487409065,0.00134303301623,0.00104458123484,0,0,0,0,0.00119380712554,0.000335758254057,0,0.0689423614997,0,0,0,0,0,0,0,0,0,0,0,0,7.4612945346E-05,0,0,0,0,0.00231300130573,0.708897593733,0.000671516508114,0,0,0,0.0452527513524,0,0,0,0,0,7.4612945346E-05,0,0,0,0.000111919418019,3.7306472673E-05,0.142958403283,0,0.0267487409065,0.00134303301623,0.00104458123484,0,0,0,0,0,0,0,0,0,0,0,0,0,0.00119380712554,0,0,0,0,0,0.000335758254057,0,0,0,0,0,0,0.068457377355,0,0,0.000484984144749,0,0,0,0,0,0,0,0,0,0,0,0,0,0,0,0,0,0,0
Bgtw11.T2.m6,ACAAGGAGGTGAT,Bgtw11.T2,Twins78,Healthy Twins Triplets,147,female,23933,88983,Bangladesh,0.000194552529183,0,0,0,0,0.896952010376,0.000259403372244,0,0,0,0.0972114137484,0,0,0,0.00538261997406,0,0,0,0,0,0,0,0.000194552529183,0,0,0,0,0.770233463035,0.126718547341,0,0,0.000259403372244,0,0,0,0,0,0,0,0,0.00460440985733,0.0905966277562,0.00201037613489,0,0,0,0,0,0,0.000583657587549,0,0.00479896238651,0,0,0,0,0,0,0,0,0,0,0,0,0.000194552529183,0,0,0,0,0.000518806744488,0.769714656291,0.126718547341,0,0,0,0.000259403372244,0,0,0,0,0,0,0,0,0,0,0,0.00460440985733,0,0.0905966277562,0.00201037613489,0,0,0,0,0,0,0,0,0,0,0,0,0,0,0,0,0,0,0,0,0.000583657587549,0,0,0,0,0,0,0.00479896238651,0,0,0,0,0,0,0,0,0,0,0,0,0,0,0,0,0,0,0,0,0,0
Bgtw11.T2.m6.dr,ACCTGGGCATTAG,Bgtw11.T2,Twins78,Healthy Twins Triplets,174,female,23933,88983,Bangladesh,0,0,0,0,0,0.810607080361,0.000538430475165,0,0,0,0.177143626329,0.000134607618791,0,0,0.011576255216,0,0,0,0,0,0,0,0,0,0,0,0,0.787723785166,0.0228832951945,0,0,0.000538430475165,0,0,0,0,0,0,0,0,0.173240005384,0.0030959752322,0.000807645712747,0.000134607618791,0,0,0,0,0.000134607618791,0,0,0.0114416475973,0,0,0,0,0,0,0,0,0,0,0,0,0,0,0,0,0,0.00188450666308,0.785839278503,0.0228832951945,0,0,0,0.000538430475165,0,0,0,0,0,0,0,0,0,0.000269215237582,0,0.172970790147,0,0.0030959752322,0.000807645712747,0.000134607618791,0,0,0,0,0,0,0,0,0,0,0,0,0,0.000134607618791,0,0,0,0,0,0,0,0,0,0,0,0,0.0114416475973,0,0,0,0,0,0,0,0,0,0,0,0,0,0,0,0,0,0,0,0,0,0
Bgtw11.T2.m7,CAGTGCATATGCT,Bgtw11.T2,Twins56_run1 and Twins56_run2,Healthy Twins Triplets,186,female,23933,88983,Bangladesh,0.000140670717983,0,0,0,0,0.394581363943,0.035645959937,0,0,0,0.514348413234,0.0131667792032,0,0,0.0421168129642,0,0,0,0,0,0,0,0.000140670717983,0,0,0,0,0.391261534999,0.00331982894441,0,0,0.035645959937,0,0,0,0,0,0,0,0,0.508580913797,0.00565496286293,0.000112536574387,0.0131667792032,0,0,0,0,0.000281341435967,0,0.00365743866757,0.0381780328607,0,0,0,0,0,0,0,0,0,0,0,0,0.000140670717983,0,0,0,0,0.000618951159127,0.39064258384,0.00331982894441,0,0,0,0.035645959937,0,0,0,0,0,0,0,0,0,0.000112536574387,0,0.508468377223,0,0.00565496286293,0.000112536574387,0.0131667792032,0,0,0,0,0,0,0,0,0,0,0,0,0,0.000281341435967,0,0,0,0,0,0,0,0.00365743866757,0,0,0,0,0.0342673869007,0,0,0.00391064595994,0,0,0,0,0,0,0,0,0,0,0,0,0,0,0,0,0,0,0
