"","PM1:20080108","PM1:20080114","PM1:20071211","PM1:20080121","PM1:20071217","PM1:20080128","PM1:20080204","PM1:20080211","PM1:20080218","PM1:20080225","PM1:20080303","PM10:20080107","PM10:20080108","PM10:20080114","PM10:20071211","PM10:20080121","PM10:20071217","PM10:20080128","PM10:20080204","PM10:20080211","PM10:20080218","PM10:20080225","PM10:20080303","PM11:20080107","PM11:20080108","PM11:20080114","PM11:20071211","PM11:20080121","PM11:20071217","PM11:20080128","PM11:20080204","PM11:20080211","PM11:20080218","PM11:20080225","PM11:20080303","PM12:20080107","PM12:20080108","PM12:20080114","PM12:20080121","PM12:20071217","PM12:20080128","PM12:20080204","PM12:20080211","PM12:20080218","PM12:20080225","PM12:20080303","PM2:20080107","PM2:20080108","PM2:20080114","PM2:20071211","PM2:20080121","PM2:20071217","PM2:20080128","PM2:20080204","PM2:20080211","PM2:20080218","PM2:20080225","PM2:20080303","PM3:20080107","PM3:20080108","PM3:20080114","PM3:20071211","PM3:20080121","PM3:20071217","PM3:20080128","PM3:20080204","PM3:20080211","PM3:20080218","PM3:20080225","PM3:20080303","PM4:20080107","PM4:20080108","PM4:20080114","PM4:20080121","PM4:20071217","PM4:20080128","PM4:20080204","PM4:20080211","PM4:20080218","PM4:20080225","PM4:20080303","PM5:20080107","PM5:20080108","PM5:20080114","PM5:20071211","PM5:20080121","PM5:20071217","PM5:20080128","PM5:20080204","PM5:20080211","PM5:20080218","PM5:20080225","PM5:20080303","PM6:20080107","PM6:20080108","PM6:20080114","PM6:20080121","PM6:20071217","PM6:20080128","PM6:20080204","PM6:20080211","PM6:20080218","PM6:20080225","PM6:20080303","PM7:20080114","PM7:20071211","PM7:20080121","PM7:20071217","PM7:20080128","PM7:20080204","PM7:20080211","PM7:20080218","PM7:20080225","PM7:20080303","PM8:20080107","PM8:20080108","PM8:20080114","PM8:20071211","PM8:20080121","PM8:20071217","PM8:20080128","PM8:20080204","PM8:20080211","PM8:20080218","PM8:20080225","PM8:20080303","PM9:20080107","PM9:20080108","PM9:20080114","PM9:20080121","PM9:20071217","PM9:20080128","PM9:20080204","PM9:20080211","PM9:20080218","PM9:20080225","PM9:20080303"
"Akkermansia",5.19826962713627,8.16346997930501,8.53671490481935,6.65821148275179,0,6.73149768188789,7.33730332077428,6.35897782753851,4.66620234868133,0,0,0,5.74501082272223,6.08037341646402,7.65105169117893,7.4884140123629,0,4.56847437793259,0,6.65821148275179,7.43807484295121,6.65821148275179,7.49269023858272,0,0,5.01122725542325,7.16849304594918,5.60344972809904,5.6724253419715,8.41542713738967,6.31163702771494,7.03820330757069,5.82159684463338,9.01438049153856,8.82457997105461,7.27469173878025,4.36512161199068,0,0,8.47798307283949,6.23024287130343,7.22060225478229,6.86275655407564,6.61138182639745,6.1450138638125,7.58863490444621,0,6.76961450585156,4.7716632149143,6.65821148275179,6.04913827043028,0,0,0,5.10153802646206,7.82017896241519,0,7.45049406656862,4.73557772004196,4.63282213949975,0,5.10153802646206,4.44846050081629,6.97727992349992,4.84688328624424,0,5.35755200461808,5.90264112260716,6.65821148275179,7.5405944715319,7.47143613989636,4.47745687525317,6.47954252899669,6.43819778419808,7.51426574766806,6.43819778419808,7.60398520947315,7.23840473932508,7.81691833850569,0,9.64565843240871,5.93073733756289,7.95056646225581,5.35755200461808,6.56605403817109,0,5.82159684463338,7.29691620687929,6.35897782753851,7.60398520947315,7.38945208908437,0,7.87677816239785,4.63282213949975,9.56330221640925,7.91288933622996,7.23840473932508,9.47477330556637,5.30237529746596,6.4964258261195,9.8654520985568,4.88613203544172,0,11.0867420055083,6.45871864850127,0,4.66620234868133,6.86275655407564,6.80878545766405,9.17977816800923,6.80878545766405,0,6.97727992349992,9.13827180017222,3.78873924389026,7.21002665991064,6.17848701494574,4.9265576290646,5.19826962713627,7.5810211980216,6.80878545766404,8.16346997930501,6.93324357104742,7.99944739148178,7.0227257574642,7.47143613989636,6.65821148275179,7.28699582892254,6.35897782753851,9.03565009080561,7.23840473932508,6.49007089098767,7.77598431696523,0,9.13185696060879,7.77598431696523,5.74501082272223
"Alistipes",8.8619730823383,8.68549969811714,6.23024287130343,8.64745842645492,9.300649145263,10.362808992785,8.8619730823383,8.92921841653616,7.78471463401762,9.73044440532935,8.33798150593288,8.96866679319521,8.78003606080239,7.87241837835138,6.24792751344359,7.75010877954022,7.55842071326866,7.68331365811423,9.02513956227851,9.16992500144231,10.1091101398382,10.9176207128322,7.7139378739842,10.1403946916885,8.83145120379228,10.5517082616207,6.58853618360098,9.66271075599552,7.97154355395077,10.1403946916885,8.38514338989103,9.65346820106541,8.88637401310802,8.71546386985168,8.89842143966059,8.96866679319521,9.05096896502651,8.26000473991096,7.65105169117893,6.08037341646402,10.3819033996664,10.2121135431906,7.85654523945337,8.01716761397506,8.00457978040312,8.58488256194619,8.79910170070846,7.76298800093459,9.67382046348133,0,8.83769648440759,7.5810211980216,9.74507402646887,8.84693033151707,10.6144031161368,8.64745842645492,7.85654523945337,7.90767445601405,8.00792572809411,8.03839646301318,7.97154355395077,6.08037341646402,8.90739144443871,8.64745842645492,10.5247593489239,7.49575255183361,10.0237543532994,8.68917580582325,9.45327063401062,8.53671490481935,9.73799288334762,8.00179745242017,10.494031994085,8.7467542305164,7.8346146946342,10.7442331900697,8.82213390375322,10.1686721181322,8.67653281545511,9.87985349313533,8.18937533108847,9.32418054661874,7.67170771074077,5.35755200461808,4.05528243550119,6.80878545766404,7.38945208908437,9.24118871407905,9.40232071898601,6.61138182639745,9.55266909751427,9.57175264350355,8.45969320548173,9.43353576584565,8.64745842645492,8.13442632022093,0,7.72469334861516,9.1747336687863,8.07069599067093,7.8346146946342,9.92544847233589,8.9389794408626,8.76746481199911,0,6.52213566326572,0,5.30237529746596,4.84688328624424,0,6.39803107397315,6.86275655407564,6.39803107397315,8.96866679319521,7.85654523945337,8.40614246580678,6.90746298007978,6.89053252736262,7.33730332077428,6.58853618360098,9.21332927853834,9.48237581802615,7.73553038260945,10.4643054913649,9.47305105046093,9.09042381509845,7.87241837835138,7.92112274445672,8.08358713461578,7.38945208908437,0,9.7235661456426,8.5805155415318,0,10.9373738201921,9.80075285868888,8.13802473835108
"Anaerofilum",0,0,0,0,0,0,0,0,0,0,0,0,0,0,0,0,0,0,0,4.70043971814109,0,0,0,0,0,5.01122725542325,0,0,0,0,4.36512161199068,0,0,0,0,0,4.36512161199068,0,0,0,0,0,0,0,0,4.47745687525317,0,0,0,0,0,0,0,0,0,0,0,0,0,0,0,0,0,0,4.84688328624424,0,0,0,0,0,0,0,0,0,5.53774786230032,4.88613203544172,0,0,0,0,0,4.39231742277876,0,0,0,4.53743413063857,0,3.51306958223937,0,0,4.84688328624424,6.33985000288462,0,0,4.53743413063857,0,0,0,6.28397874066005,4.23703919730085,4.56847437793259,0,0,0,0,0,0,0,0,0,0,0,0,0,0,0,4.63282213949975,0,0,5.60344972809904,0,0,4.96823041950661,4.36512161199068,0,0,0,0,0,0,5.6724253419715,0,4.26166757006989,0,6.33985000288463,0,0
"Anaerofustis",0,0,0,0,5.24933296415473,5.74501082272223,0,0,0,5.94500038048628,5.05563230698123,4.33847927115121,0,5.10153802646206,0,6.75679456792813,0,4.56847437793259,6.91886323727459,0,5.1490462717664,0,3.99325527036665,4.47745687525317,4.26166757006989,5.98868468677217,0,0,0,4.47745687525317,4.36512161199068,5.47502847368832,4.84688328624424,0,4.63282213949975,5.30237529746596,0,5.82159684463338,6.65821148275179,0,5.24933296415473,0,0,0,0,6.01858493300885,5.82159684463338,4.80874681318428,4.7716632149143,0,4.50710518018993,0,0,0,0,5.6724253419715,0,0,0,0,0,0,4.44846050081629,0,0,0,5.35755200461808,0,5.10153802646206,5.24933296415473,5.90264112260716,4.47745687525317,0,0,0,0,0,0,0,0,0,0,3.95352168094232,6.33985000288463,0,4.53743413063857,0,0,0,0,0,0,0,0,4.53743413063857,6.33985000288462,7.23840473932508,0,0,0,0,0,4.42008911846206,0,5.47502847368832,0,0,0,6.39803107397315,5.74501082272223,4.84688328624424,0,0,5.01122725542325,0,3.97323309043721,6.17848701494574,0,6.4964258261195,0,5.24933296415473,6.84906994122018,0,6.31163702771494,5.05563230698123,3.97323309043721,5.10153802646206,5.1490462717664,6.35897782753851,4.63282213949975,5.6724253419715,0,0,0,5.35755200461808,4.26166757006989,0
"Anaerostipes",6.17848701494574,5.19826962713627,6.23024287130343,6.65821148275179,5.24933296415473,0,5.77007390597814,4.80874681318428,6.94194223439128,4.96823041950661,0,6.86275655407564,8.22518629189355,7.38945208908437,0,5.19826962713627,5.98868468677217,0,5.35755200461808,0,0,0,5.92366008500436,6.01858493300885,6.20412648557998,6.56605403817109,0,7.16849304594918,0,6.01858493300885,0,6.45871864850127,5.82159684463338,7.0227257574642,0,5.30237529746596,7.11118682328454,7.38945208908437,4.70043971814109,7.48202360928113,4.28677164947375,6.80878545766404,6.28397874066005,5.05563230698123,6.87380175525523,4.47745687525317,4.84688328624424,5.78277689933694,7.31192752807004,5.6724253419715,0,7.9014415868891,5.86153006220864,0,7.06967352780681,5.6724253419715,4.73557772004196,4.50710518018993,5.70824384115435,5.60344972809904,4.23703919730085,6.65821148275179,4.44846050081629,5.6724253419715,6.39803107397315,0,6.33985000288462,4.9265576290646,7.06967352780681,0,5.90264112260716,0,6.47954252899669,5.86153006220864,5.53774786230032,4.88613203544172,5.05563230698123,0,4.42008911846206,5.90264112260716,4.26166757006989,5.35755200461808,5.88193410829554,6.33985000288463,6.56605403817109,6.49007089098767,5.82159684463338,0,0,5.05563230698123,4.84688328624424,6.33985000288462,0,4.63282213949975,8.79910170070846,6.33985000288462,0,4.7716632149143,6.28397874066005,0,0,4.88613203544172,0,0,5.47502847368832,0,0,0,0,6.73149768188789,5.82159684463338,7.27469173878025,5.41503749927884,5.98868468677217,5.30237529746596,6.89053252736262,0,0,4.23703919730085,0,6.23024287130343,4.88613203544172,5.94500038048628,6.62992798445971,6.61138182639745,3.97323309043721,7.65105169117893,7.11822509502103,0,4.63282213949975,7.23840473932508,0,0,0,5.35755200461808,0,5.74501082272223
"Anaerotruncus",6.17848701494574,6.4964258261195,0,5.10153802646206,5.24933296415473,7.05070789329066,6.4964258261195,0,0,5.94500038048628,6.03377821390928,0,6.47117604896254,0,0,5.19826962713627,0,4.56847437793259,7.33091687811462,0,5.1490462717664,5.10153802646206,0,5.44470653534577,5.79559695118143,5.01122725542325,0,5.60344972809904,5.6724253419715,6.74662151962079,5.90264112260716,6.45871864850127,6.80878545766405,7.0227257574642,6.90746298007978,5.30237529746596,6.89053252736262,4.84688328624424,6.24792751344359,5.50603203149944,5.82159684463338,5.24933296415473,5.30237529746596,4.09837174041728,4.60025868781767,5.44470653534577,4.84688328624424,6.35897782753851,6.3209786410585,0,0,5.60344972809904,5.86153006220864,5.78277689933694,6.08037341646402,5.6724253419715,3.78873924389026,6.04913827043028,0,0,0,0,5.41503749927884,4.70043971814109,7.1281375662767,4.73557772004196,6.33985000288462,6.89053252736262,6.08037341646402,7.22060225478229,4.9265576290646,5.44470653534577,4.9265576290646,6.84906994122018,0,7.16849304594918,5.05563230698123,5.6724253419715,5.95941059089454,5.90264112260716,5.22356296504439,6.33985000288462,6.45871864850127,0,0,5.50603203149944,6.80878545766405,3.51306958223937,5.78277689933694,6.03377821390928,5.82159684463338,5.35755200461808,4.47745687525317,6.17848701494574,7.48202360928113,5.35755200461808,6.65821148275179,0,6.86275655407564,0,0,5.86153006220864,5.95941059089454,0,6.45871864850127,0,0,5.30237529746596,7.1281375662767,5.74501082272223,4.84688328624424,0,6.97727992349992,6.56605403817109,0,6.47954252899669,0,0,0,5.60344972809904,0,4.88613203544172,5.94500038048628,4.36512161199068,6.03377821390928,3.97323309043721,6.65821148275179,7.11822509502103,4.80874681318428,0,0,6.49007089098767,4.26166757006989,0,0,4.26166757006989,4.21286964721794
"Anaerovorax",5.19826962713627,0,0,5.10153802646206,0,6.3209786410585,0,0,0,0,0,0,5.74501082272223,6.08037341646402,0,6.17848701494574,0,4.56847437793259,6.33985000288462,4.70043971814109,0,5.10153802646206,3.99325527036665,0,0,0,0,0,0,0,0,4.50710518018993,0,5.05563230698123,4.63282213949975,5.30237529746596,6.31163702771494,5.82159684463338,5.6724253419715,0,0,5.24933296415473,6.28397874066005,0,5.57020873403113,5.44470653534577,0,0,0,0,0,0,4.88613203544172,0,0,0,0,0,0,0,4.23703919730085,0,0,0,0,0,5.35755200461808,0,0,0,4.9265576290646,0,4.9265576290646,0,0,0,0,5.6724253419715,0,0,0,0,6.19896099181131,5.35755200461808,0,0,0,0,0,6.03377821390928,0,6.91886323727459,4.47745687525317,0,4.53743413063857,6.91886323727459,0,4.7716632149143,7.27469173878025,5.19826962713627,4.56847437793259,0,5.95941059089454,4.50710518018993,0,0,0,0,4.84688328624424,0,0,0,0,5.01122725542325,0,3.97323309043721,7.38945208908437,0,5.19826962713627,0,6.80878545766404,6.43819778419808,6.93324357104742,4.36512161199068,5.05563230698123,0,0,4.18914291698645,6.76961450585156,6.17848701494574,0,6.80878545766404,6.20412648557998,5.63750846241464,6.33985000288463,6.52213566326572,5.17343606436019
"Bacteroides",13.5379290322671,14.011826256902,12.9989755879843,14.3943510404136,13.8034547301393,14.4441396544962,13.9365985062013,14.3432401197809,13.3699197975182,14.4586726410497,13.3155102457203,13.0792924595335,11.953437052598,10.9665054519057,12.9883296492311,13.1529412043399,12.6313476038323,12.261534020583,13.1294440230319,12.4578938373147,12.6854511488808,13.9538023756544,10.3437492034664,13.4113278618026,12.9757665642116,13.766787692621,13.7781407028022,13.6125010427588,13.8138813748941,14.4336284432579,14.0076920498967,14.2877845124982,14.4271018317896,14.5273489090064,13.830953709662,13.8238647725686,12.6110021883242,12.3430314544594,12.4514687129474,12.2490146616676,13.5239022255583,14.1446670932602,12.9659646102721,10.9895776207349,11.9745063019804,12.1050099217409,12.8993359411673,12.4290179025551,13.3939478380599,12.3023533264312,12.9541567900174,12.7234273219221,13.4439610482893,14.0325414180554,14.3163522503581,13.4673508144876,12.5354934744067,12.5246162346828,12.0730343610598,12.9787870549267,12.5765180889189,11.2493110145135,13.8906917774068,14.1537103521517,14.5756377236396,13.9888098394347,14.3021390913053,12.606473255043,13.9262651042688,13.1768368698119,13.1405760572359,12.5662514405505,14.4272088398786,14.4346189203771,13.0379056800754,14.7776002407185,14.1588717745679,15.0638584894906,13.5060165654212,14.4764372346126,13.7486788766382,12.7692179961265,11.5512276035983,10.8462739113499,12.1559250160266,10.2030760529241,14.0102658374342,12.3726157040142,12.9853275309458,11.1619648654069,13.2180754613346,13.3719127412241,11.7996174774671,13.6794853357584,12.8316811100962,10.6082548219779,10.5517082616207,12.5190024906057,12.4847648104647,11.4627213551379,12.3139909467793,13.1495430014539,11.8750205414184,12.8894956969314,13.1358695766485,10.7551151822777,12.3499756441606,13.941393308213,12.9355947976988,13.4044903563714,13.0998043796983,13.1047121447569,13.786065381164,13.2513344646589,11.8656440586549,11.6403246938054,11.288289342181,12.370447023071,10.9920278950622,14.702803978878,12.9858616976482,13.1720479431258,11.1508435020056,13.3967805220771,12.5353929726106,12.5720453458552,14.3420515120763,13.4807945527429,11.0789261061237,11.5281517443047,15.739279587007,12.4108340878061,12.6522542513442,8.69917037321284,13.3773461156563,13.1212244362101,11.7699320661284
"Bilophila",0,6.17848701494574,0,6.08037341646402,8.2157576801032,4.7716632149143,0,4.80874681318428,0,0,5.05563230698123,4.33847927115121,4.21286964721794,0,0,7.4884140123629,5.01122725542325,7.8346146946342,8.64745842645492,7.97154355395077,8.57103337204714,6.65821148275179,7.23125700848895,0,5.22356296504439,5.01122725542325,5.60344972809904,4.63282213949975,0,5.44470653534577,5.90264112260716,5.47502847368832,4.84688328624424,5.05563230698123,4.63282213949975,5.30237529746596,0,4.84688328624424,6.24792751344359,6.49007089098767,8.30293503911901,8.53671490481935,5.30237529746596,0,5.57020873403113,7.22820464705572,5.82159684463338,4.80874681318428,4.7716632149143,0,0,0,4.88613203544172,0,0,0,0,0,5.30237529746596,6.17848701494574,0,0,0,6.97727992349992,6.39803107397315,0,6.33985000288462,5.90264112260716,0,5.24933296415473,7.88443990479513,5.44470653534577,0,0,8.09659537408738,0,0,0,5.38599442489604,5.90264112260716,4.26166757006989,7.33091687811462,5.47502847368832,5.35755200461808,0,6.49007089098767,8.79910170070846,8.08657856599073,7.35016272018377,7.60398520947315,7.80233684729098,5.35755200461808,8.27384518743985,7.38945208908437,7.06967352780681,0,7.23840473932508,7.31192752807004,7.85654523945337,7.62518697833065,7.32274757519391,6.43819778419808,5.95941059089454,7.77077160361482,7.03820330757069,7.51426574766806,6.21277809641271,7.59475523773956,7.38945208908437,6.73149768188789,6.39803107397315,0,6.39803107397315,7.29691620687929,4.73557772004196,7.05910583449045,0,6.47954252899669,6.75679456792813,7.5810211980216,6.23024287130343,8.64745842645492,6.93324357104742,6.89053252736262,5.05563230698123,6.69962348330128,7.65105169117893,8.0202615487417,5.78277689933694,6.58853618360098,8.64745842645492,7.80233684729098,8.09659537408738,4.66620234868133,7.91288933622996,6.52213566326572,7.14313702602509
"Bryantella",7.97154355395077,8.91630602235238,0,8.96866679319521,5.24933296415473,10.1785338160345,7.16849304594918,8.92921841653616,8.19811558722264,9.38298420509155,9.01438049153856,6.60219920564646,6.47117604896254,0,0,5.19826962713627,0,0,5.35755200461808,4.70043971814109,0,0,0,9.16859210990375,9.09395768608432,9.49135207356344,0,9.70448007496718,0,10.167338068029,9.10333924047352,9.61398959695738,9.84182639387441,9.71374680415967,9.57535915757691,9.96722625883599,9.20270003753393,0,0,4.53743413063857,0,0,6.28397874066005,0,0,0,4.84688328624424,5.78277689933694,9.96722625883599,0,9.57340021410559,0,10.4225153502296,7.08889565002924,7.87241837835138,9.96722625883599,7.85654523945337,8.69363846131053,8.00792572809411,8.57724897451175,9.20526961680746,0,9.6305704990245,0,10.320549863383,8.2700257226389,10.1305705628054,9.27297276932073,9.30909734555287,9.12038189481559,0,4.47745687525317,9.58064653028756,10.0473186998063,0,10.0078282079504,8.9214570629178,9.73301532168596,9.16095187237319,9.8340991974038,9.54391060144881,0,0,0,0,0,0,0,0,0,0,0,3.54080817111492,6.90746298007978,7.29053089486732,0,0,0,0,0,0,0,0,0,0,7.51426574766806,0,0,0,0,8.88637401310802,8.96866679319521,9.38298420509155,8.96866679319521,8.72818216795002,8.58252943836606,0,0,0,0,0,0,0,0,0,0,0,0,0,0,0,0,0,0,0,0,0
"Clostridium",0,0,9.21332927853834,0,0,4.7716632149143,0,4.80874681318428,0,0,0,0,0,0,7.82017896241519,0,0,0,0,0,0,0,0,0,0,0,7.9014415868891,0,0,0,0,0,0,0,0,0,0,0,0,0,0,0,0,0,0,0,0,0,0,5.6724253419715,0,0,5.86153006220864,5.78277689933694,6.65821148275179,4.70043971814109,0,0,0,0,0,8.86933679289874,0,0,4.84688328624424,0,5.35755200461808,0,0,0,0,0,0,0,0,0,0,0,4.42008911846206,0,4.26166757006989,0,0,0,9.52233632091331,0,0,0,4.80874681318428,0,0,0,0,0,0,0,0,0,0,0,0,0,0,0,0,11.864291683252,0,7.59475523773956,0,0,0,0,0,0,0,0,0,7.47143613989636,0,0,0,0,0,0,0,0,0,0,0,0,6.65821148275179,0,0,0,0,0,0
"Collinsella",5.19826962713627,4.23703919730085,10.3412923065632,0,0,0,4.23703919730085,0,0,0,0,7.08337704117909,9.08974084243268,0,8.2336196767597,0,6.56605403817109,0,0,0,0,0,0,4.47745687525317,0,0,6.58853618360098,0,0,0,0,0,0,0,0,0,4.36512161199068,0,0,5.50603203149944,0,0,0,0,0,0,0,0,6.3209786410585,10.1686721181322,4.50710518018993,7.5810211980216,4.88613203544172,0,5.10153802646206,0,0,0,0,0,4.23703919730085,10.4522412404308,6.39803107397315,6.24792751344359,4.84688328624424,0,0,5.90264112260716,5.10153802646206,0,0,5.44470653534577,0,0,0,0,0,0,0,0,0,8.02790599656988,9.2172377419508,0,9.09770296352466,0,6.80878545766405,0,0,0,0,0,0,9.16095187237319,9.17686572030839,0,0,0,0,0,0,0,0,5.47502847368832,11.1977241811651,10.829074025057,10.0019573610222,7.27469173878025,8.79910170070846,9.71956895517142,7.61061476602965,0,6.39803107397315,0,7.38945208908437,7.97154355395077,6.17848701494574,10.2718062897111,0,0,5.24933296415473,0,0,0,0,0,0,4.18914291698645,4.80874681318428,0,0,4.53743413063857,0,0,0,0,0
"Coprobacillus",11.4627213551379,9.88787336943815,7.5405944715319,11.1039434298916,9.91283390658666,11.3183346822298,9.88787336943815,8.75966329973333,9.61007954991043,10.3148406890974,10.0573367164488,11.1728601945666,10.7919197178187,8.2336196767597,8.81698362325538,10.2888660741658,11.095726668639,9.71752064969898,9.71596199025514,8.64745842645492,10.0160878167241,9.76099709568296,8.0749801576938,10.7695741112848,10.3753356827681,10.694575537526,6.58853618360098,10.3025301314611,7.97154355395077,10.4996550866543,9.58064653028756,9.65346820106541,10.4116286773739,9.33575051522726,8.27856008161822,11.0473861201882,9.87985349313533,10.0067156696917,9.64565843240871,11.7127658058367,8.12297175396686,10.1190852197028,10.6238111609599,8.76978453388196,9.82651153632492,9.22096999151916,10.3819033996664,10.8656287875457,10.7630812941436,7.97154355395077,10.3974886287526,10.8961521729153,10.0857569676537,7.93217484173585,9.23122118071119,11.2443638351205,8.96866679319521,9.65346820106541,9.72648018167961,9.33059681265775,9.74507402646887,9.52029127897973,10.4693026389046,9.45327063401062,10.6547354664465,10.0740385123803,11.2051823262286,10.2014753082054,8.76265886784698,9.12038189481559,11.008305027824,9.66090622980687,10.5797041539041,10.8596457074638,9.31597290086668,10.7442331900697,10.2981364952128,11.5750664645787,10.0248852358288,11.008305027824,10.394949811825,9.74986942739684,10.5724530909232,9.02513956227851,8.140829770773,9.93483753653966,8.60691923095986,8.96866679319521,9.56559100104828,10.4388924367153,10.5247593489239,11.1554507313121,8.27384518743985,10.4571365491245,11.2294196882304,10.4522412404308,11.8340759534349,7.89386032822742,10.1246184328985,9.06801047858417,9.71752064969898,10.481366990725,9.39760915461449,9.57340021410559,10.9024078862514,0,9.65441772613209,9.07537629453193,11.3813626931671,10.8061255992222,9.75173000934274,10.9385052126674,11.1093953865003,9.7223806351638,9.20638825913625,10.9343413089302,9.09966090206025,9.96722625883599,8.48439135877634,8.7467542305164,9.60506790749086,10.5379117039499,10.0102525902878,10.5611007183372,10.3346337247836,8.58252943836606,8.76265886784698,9.53601269377625,8.92921841653616,8.89842143966059,11.199058823653,8.17935622737514,7.77598431696523,8.69917037321284,10.7821791938312,9.77103921356741,8.13802473835108
"Dorea",6.17848701494574,5.19826962713627,7.80233684729098,6.65821148275179,11.2558809745944,7.31192752807004,5.19826962713627,0,5.63750846241464,5.94500038048628,0,6.86275655407564,0,0,4.70043971814109,0,10.9437968195988,0,0,0,0,0,0,6.01858493300885,4.26166757006989,7.29691620687929,5.60344972809904,5.60344972809904,8.45532722030456,6.74662151962079,5.90264112260716,7.03820330757069,5.82159684463338,6.03377821390928,6.90746298007978,7.27469173878025,5.32968643450836,0,0,8.93631076017344,4.28677164947375,0,6.28397874066005,4.09837174041728,4.60025868781767,0,7.80233684729098,7.08889565002924,5.74501082272223,7.23840473932508,4.50710518018993,11.4808623124117,5.86153006220864,0,6.65821148275179,4.70043971814109,5.30237529746596,0,4.73557772004196,4.63282213949975,0,7.06967352780681,6.39803107397315,10.6220518194564,5.82159684463338,5.70824384115435,7.33091687811462,6.47954252899669,5.10153802646206,5.24933296415473,4.9265576290646,0,4.9265576290646,4.88613203544172,10.8994255883543,6.43819778419808,6.03377821390928,6.65821148275179,0,6.47954252899669,4.26166757006989,4.39231742277876,5.47502847368832,0,6.56605403817109,0,10.6041413541092,0,4.80874681318428,0,0,0,0,7.16849304594918,5.50603203149944,5.35755200461808,0,9.88930381426771,0,0,0,0,0,0,5.47502847368832,0,0,0,6.80878545766405,5.74501082272223,5.82159684463338,5.30237529746596,7.70965824817047,0,4.73557772004196,3.97323309043721,0,4.9265576290646,0,9.38298420509155,0,0,0,6.62992798445971,0,0,6.08037341646402,0,4.80874681318428,0,11.0707918094231,0,0,4.66620234868133,0,0,0
"Eggerthella",0,4.23703919730085,5.24933296415473,0,0,5.74501082272223,4.23703919730085,0,0,0,0,0,0,0,4.70043971814109,0,0,0,0,0,0,0,0,0,5.22356296504439,0,0,0,0,5.44470653534577,0,0,0,6.03377821390928,4.63282213949975,0,4.36512161199068,0,5.6724253419715,0,0,0,0,0,0,5.44470653534577,4.84688328624424,0,5.74501082272223,0,4.50710518018993,6.58853618360098,0,4.80874681318428,5.10153802646206,0,0,0,0,4.63282213949975,0,5.10153802646206,0,0,4.84688328624424,0,5.35755200461808,0,0,0,5.90264112260716,0,0,4.88613203544172,0,6.43819778419808,0,0,4.42008911846206,0,0,0,4.90619347308184,0,0,0,0,0,0,0,5.82159684463338,0,0,4.63282213949975,5.50603203149944,6.33985000288462,5.6724253419715,0,5.30237529746596,4.23703919730085,4.56847437793259,0,0,0,5.47502847368832,0,5.63750846241464,0,4.84688328624424,0,0,0,6.39803107397315,0,0,0,4.63282213949975,4.9265576290646,4.23703919730085,0,0,4.88613203544172,0,0,0,3.97323309043721,0,0,6.76961450585156,0,0,4.53743413063857,5.22356296504439,0,0,0,5.74501082272223
"Enterobacter",0,0,9.21332927853834,0,0,0,0,0,0,0,0,0,0,0,8.10852445677817,0,0,0,0,0,5.1490462717664,5.10153802646206,0,0,0,0,7.5810211980216,0,0,0,0,0,0,0,0,5.30237529746596,0,4.84688328624424,0,0,4.28677164947375,0,0,0,0,0,4.84688328624424,0,0,7.23840473932508,0,0,0,0,0,0,0,0,6.02464246078526,0,0,8.06429367679616,0,0,0,0,0,0,0,0,0,0,0,0,0,0,0,0,0,0,0,0,0,5.35755200461808,9.17773096703327,0,0,3.51306958223937,0,0,0,0,0,0,0,0,0,0,0,0,4.56847437793259,0,0,4.50710518018993,0,11.3142742498329,0,6.28397874066005,0,0,0,0,0,5.01122725542325,0,0,0,0,0,0,0,4.88613203544172,0,0,0,3.97323309043721,5.10153802646206,0,0,0,0,4.53743413063857,0,0,5.35755200461808,0,4.21286964721794
"Enterococcus",0,0,0,0,0,0,0,5.78277689933694,0,0,0,0,0,13.7766729133295,0,13.6938136177613,0,12.4952872468296,13.344434621924,13.7886163862508,12.6471870194326,14.2635381888128,13.3281955511877,0,4.26166757006989,5.98868468677217,0,4.63282213949975,0,5.44470653534577,5.32968643450836,5.47502847368832,0,5.05563230698123,0,0,0,13.1358695766485,13.2214360774453,0,10.2121135431906,10.8264013620865,13.8504047464121,12.3912349262313,13.6637520129301,11.9814078743769,0,0,0,0,0,0,0,0,0,0,3.78873924389026,0,0,0,0,0,0,0,0,0,5.35755200461808,0,0,0,0,0,6.47954252899669,0,0,0,0,5.6724253419715,5.38599442489604,4.9265576290646,0,0,0,14.2674450883881,0,12.9937443275434,0,11.6758835441589,12.1142083730166,12.8944205177437,13.0486949909375,13.936729944681,11.048501366667,0,0,13.7896355266159,12.5389164024641,0,13.7652940688641,11.3781400021533,11.7451777320721,12.6696127312291,13.1094609071383,11.7464230407896,0,6.52213566326572,0,0,0,5.74501082272223,5.82159684463338,5.30237529746596,0,11.6804694138318,0,0,10.3559278493699,0,12.406622611186,0,12.6457501530646,10.7199998993708,13.6929885756254,11.7116416708934,13.7897669761734,12.8210353318484,0,0,12.3859571084543,13.0165844655928,5.6724253419715,12.3071059168435,12.1677317411032,13.1514226720044,12.6075614963542,13.7256276902432,12.9941580121435
"ErysipelotrichaceaeIncertaeSedis",9.48237581802615,9.06801047858417,10.6712134197626,9.23122118071119,6.80878545766404,8.42250744645885,7.33730332077428,8.22060709606518,8.41980606297165,8.62548746895924,9.01438049153856,9.26768704321517,12.0036103730009,13.9169679588624,9.55266909751427,13.6860158373061,8.87574935142006,13.1859875830324,13.0500186685523,12.6497052654714,12.4743790460829,13.2439177557433,12.2083390150512,8.73650988380628,9.27421929820142,9.05596023445229,8.7467542305164,8.38514338989103,5.6724253419715,9.80512639756696,9.42474264228349,9.25194544774303,9.3216776052538,9.10167921660916,7.5810211980216,10.9099507627322,11.3919279873694,12.197046006428,12.3376219019925,9.17686572030839,12.2335642010776,11.7191194115824,13.0002302796196,11.677364450258,11.3729536159664,12.645040363477,10.0451529133805,10.2493697438859,9.11278242590581,11.288289342181,8.14775795712629,7.5810211980216,8.54081994547795,7.76298800093459,8.86933679289874,9.10590850857116,7.77444919190855,7.77077160361482,8.43943134507139,9.16095187237319,8.62152862995259,11.0137879088506,9.02744529241751,8.2336196767597,9.60506790749086,7.68739811636223,10.1305705628054,8.46736580017951,8.64745842645492,7.80233684729098,9.12882831450672,8.50264139815133,8.96866679319521,9.00922878572997,6.52213566326572,9.36225696054661,8.33798150593288,9.73301532168596,8.81371576138683,9.27297276932073,8.51031463217721,8.84862294042934,12.2238836650152,14.5068654079011,9.87421293483087,12.8877494897717,8.38514338989103,12.3029482571363,12.3490645086352,13.1202744637882,13.0103532655493,13.3773461156563,11.0771992415261,9.09966090206025,12.7824750029176,14.514282561675,14.5387345692479,6.3209786410585,13.9484304126958,13.1472730778601,11.6257503469278,12.6246322901331,12.5361926910357,13.1872108523847,9.76580856953812,7.51426574766806,8.93311487243887,10.2207503720635,9.60506790749086,8.89082425181459,7.80233684729098,8.85342952505498,9.6305704990245,11.8488185203172,7.59475523773956,12.3502729785592,13.1510543021204,10.433953569512,12.5029738365592,5.60344972809904,13.7770535947559,13.7344525779658,13.2069449688414,13.1421414782989,13.7995917146123,11.4562638096858,9.96722625883599,11.7229399904565,13.4110993973532,12.8168408090282,9.81538329581354,13.6464712078018,12.5855387463903,12.8984400938231,12.5889488203147,11.8358709756155,11.5257010960746
"Eubacterium",7.75010877954022,5.19826962713627,6.23024287130343,7.38945208908437,0,4.7716632149143,4.23703919730085,5.78277689933694,4.66620234868133,6.93324357104742,6.03377821390928,6.28397874066005,8.04525671731592,10.0144854808076,0,9.80390046664173,6.56605403817109,9.03267192384193,8.78463484555752,8.45532722030456,7.43807484295121,7.38945208908437,7.7139378739842,8.22338557666238,7.00307065395997,5.01122725542325,0,6.17848701494574,0,7.58863490444621,6.31163702771494,7.03820330757069,6.80878545766405,6.03377821390928,5.60344972809904,8.2700257226389,8.94015523246532,10.6041413541092,9.68999797141945,7.06967352780681,9.12038189481559,7.5405944715319,10.7580309792727,8.40815850709707,8.79070840098194,9.11424074550574,6.39803107397315,6.35897782753851,7.31192752807004,0,6.77736253491929,6.58853618360098,4.88613203544172,6.35897782753851,6.65821148275179,7.65105169117893,6.28397874066005,6.77736253491929,5.70824384115435,7.16849304594918,5.19826962713627,5.10153802646206,6.39803107397315,5.6724253419715,7.97154355395077,5.70824384115435,7.33091687811462,4.9265576290646,5.10153802646206,0,4.9265576290646,6.74662151962079,7.21002665991064,5.86153006220864,0,5.86153006220864,6.61138182639745,7.23840473932508,6.36864008356125,7.21002665991064,5.22356296504439,6.33985000288462,7.95056646225581,9.64565843240871,4.05528243550119,8.86933679289874,5.82159684463338,8.33947889161804,8.46087093693569,10.0573367164488,9.04651773771818,9.78299820892041,7.80995622342921,6.58853618360098,9.28360286623947,10.0237543532994,10.6447575925163,0,9.26768704321517,9.11522948065606,7.8346146946342,8.012025868807,8.16346997930501,7.90767445601405,7.45049406656862,0,6.21277809641271,5.30237529746596,7.1281375662767,8.30738058795774,6.39803107397315,7.59475523773956,6.39803107397315,7.29691620687929,6.28397874066005,8.13140306881933,9.57535915757691,0,9.06801047858417,0,9.60506790749086,8.30051599222201,8.92436265949348,8.2979502196669,9.18399548007782,7.21002665991064,5.10153802646206,7.81466533099705,10.1151842808469,9.57535915757691,8.45532722030456,10.0899653484535,7.36313921231287,8.41980606297165,5.35755200461808,8.43652227417487,8.22518629189355
"Faecalibacterium",11.8867308561001,9.88787336943815,7.22060225478229,10.7876305324196,13.4155999639805,8.96866679319521,11.3289153030538,9.80234169941795,8.07303122002801,8.73214172406376,8.47507965153758,10.7256284349971,9.08974084243268,0,7.4594316186373,0,11.4257404243162,0,0,0,0,0,0,8.41542713738967,9.23122118071119,9.55266909751427,0,8.16346997930501,13.127833153011,9.622480248261,10.3819033996664,10.2762761534336,10.1546774886474,8.47507965153758,8.7467542305164,8.72818216795002,7.30252693156256,0,0,4.53743413063857,4.28677164947375,8.91432975995329,0,0,0,0,11.2227278304098,10.9665054519057,10.0767452885618,7.23840473932508,8.14775795712629,11.8026894504476,10.2970800284931,11.3715853513347,10.6744865455645,10.1686721181322,8.63820382392693,10.0582859041678,8.59101880064125,10.3025301314611,10.2681242274304,8.64745842645492,9.55266909751427,13.2550285698187,10.2233313703061,10.0393057378159,10.5323559252888,8.68917580582325,8.38514338989103,9.85631024214306,9.96722625883599,9.90455455778991,7.69266677837497,9.16095187237319,12.1213863441079,9.79232550852356,8.60027263146724,9.10590850857116,7.68005447795073,8.58252943836606,9.80075285868888,10.3674147512468,8.90466734214808,0,0,0,12.9457892679708,0,4.80874681318428,0,0,0,5.0406686297714,11.0004360165915,10.4972974446602,0,0,11.288289342181,0,0,0,0,0,0,0,6.52213566326572,0,0,0,0,0,0,0,5.01122725542325,9.76949881474303,9.23826422848582,0,9.8340991974038,0,12.5849289555246,0,0,0,0,0,0,11.036860446673,7.69972201891019,0,0,13.2439177557433,4.53743413063857,0,0,0,0,0
"Hespellia",0,0,0,5.10153802646206,0,4.7716632149143,0,4.80874681318428,0,4.96823041950661,5.05563230698123,0,0,6.08037341646402,0,0,0,0,5.35755200461808,4.70043971814109,0,0,3.99325527036665,5.44470653534577,0,0,0,0,0,0,0,0,0,6.61138182639745,0,0,0,0,0,0,0,5.24933296415473,0,0,4.60025868781767,4.47745687525317,0,0,0,0,0,5.60344972809904,0,0,0,0,0,4.50710518018993,0,0,0,0,0,0,0,0,0,4.9265576290646,5.10153802646206,5.24933296415473,0,5.44470653534577,0,0,0,4.88613203544172,5.05563230698123,6.65821148275179,5.38599442489604,0,0,0,0,0,0,0,0,0,0,5.05563230698123,0,5.35755200461808,0,0,4.53743413063857,0,5.6724253419715,0,0,0,0,4.88613203544172,0,4.50710518018993,5.47502847368832,0,0,0,0,0,0,0,0,0,0,0,5.60344972809904,0,0,0,0,0,0,4.36512161199068,0,0,5.10153802646206,0,0,4.63282213949975,5.6724253419715,0,0,0,0,0,0
"Holdemania",6.17848701494574,0,5.24933296415473,5.10153802646206,0,6.73149768188789,6.4964258261195,0,0,5.94500038048628,0,5.87509952869344,6.47117604896254,0,0,5.19826962713627,0,0,5.35755200461808,4.70043971814109,5.1490462717664,0,0,4.47745687525317,0,5.01122725542325,0,0,0,4.47745687525317,0,5.47502847368832,4.84688328624424,6.61138182639745,0,7.27469173878025,7.75946396192448,6.39803107397315,7.23840473932508,0,0,7.5405944715319,6.28397874066005,0,5.57020873403113,5.44470653534577,5.82159684463338,0,0,0,5.47502847368832,5.60344972809904,0,6.35897782753851,6.08037341646402,4.70043971814109,3.78873924389026,0,0,0,4.23703919730085,0,0,0,4.84688328624424,0,6.91886323727459,5.90264112260716,0,5.24933296415473,0,0,4.9265576290646,4.88613203544172,0,5.86153006220864,6.03377821390928,6.65821148275179,0,5.90264112260716,4.26166757006989,4.39231742277876,6.19896099181131,7.65105169117893,0,6.80878545766404,5.82159684463338,3.51306958223937,7.57129143204884,0,5.82159684463338,6.33985000288462,3.54080817111492,4.63282213949975,6.49007089098767,6.91886323727459,6.65821148275179,0,0,5.77007390597814,5.53774786230032,7.42985503869742,4.42008911846206,5.47502847368832,8.61582951436224,0,5.63750846241464,5.30237529746596,5.82159684463338,5.74501082272223,7.61061476602965,6.28397874066005,5.41503749927884,5.01122725542325,5.30237529746596,5.90264112260716,4.63282213949975,0,0,0,0,5.86153006220864,7.25280876313845,4.36512161199068,6.61138182639745,0,5.10153802646206,5.1490462717664,7.08889565002924,6.17848701494574,0,6.80878545766404,6.20412648557998,5.63750846241464,5.35755200461808,5.22356296504439,0
"Hydrogenophaga",0,0,0,0,0,0,0,0,0,0,0,0,0,5.10153802646206,0,0,0,0,0,0,0,0,0,0,0,0,0,0,0,0,0,0,0,0,0,0,4.36512161199068,4.84688328624424,5.6724253419715,0,0,5.24933296415473,5.30237529746596,0,0,0,0,0,0,0,0,0,0,0,0,0,0,0,0,0,0,0,0,0,0,0,0,0,0,0,4.9265576290646,0,0,0,0,0,0,0,0,0,0,0,0,0,0,0,0,0,4.80874681318428,0,0,0,0,0,5.50603203149944,0,0,0,0,0,0,0,0,0,0,0,0,0,0,0,0,0,0,0,0,0,0,0,0,0,0,4.88613203544172,0,0,0,0,0,0,0,0,0,0,5.22356296504439,0,0,4.26166757006989,0
"LachnospiraceaeIncertaeSedis",12.5595478054852,11.5252411357316,11.8112111437151,12.1360298493856,11.8112111437151,12.6068313197665,11.6902474647259,11.4150708170466,10.8757868045623,11.8406468112179,11.2216455855949,11.9936188462872,12.8055211513747,13.5428303574851,10.8145824659063,13.2929994317531,11.6941402040764,12.9494785600607,13.4095235306914,12.3165643853969,12.876179519695,12.9779357617362,11.6348584485543,11.903425183847,11.4233546997335,11.8365435335543,11.2179288563651,11.6507312275865,11.4517262680745,12.3303388358923,11.5033093675952,11.6325013636459,12.090810803244,12.4127320226574,11.3553773174704,12.4847648104647,12.908256472166,13.5871394063375,13.6097558854237,12.1746829942385,12.9355947976988,13.70685970775,13.816191375293,12.3292809592041,12.749182461066,12.9231338464824,12.0629830378878,12.148966043236,11.7182850077456,12.0535865436392,11.5407387388136,12.3551019727196,11.7438125880265,11.8441862048174,11.1469928730508,12.1910592145317,10.6470663114088,10.7284751168354,11.2278781660663,11.2179288563651,10.8734441125154,11.1680452682241,11.5809651359773,11.9929383361658,12.4327448702168,11.4622531896398,12.7733452912913,11.1268942287315,11.7458143574932,11.1184364448465,11.7856207447179,11.1260865839427,11.9230871181885,12.4588093807848,10.8994255883543,12.5371837266207,11.8574668732143,12.4385319777616,11.1718788607886,12.2005560784266,11.1737339118506,11.1554507313121,12.9685754976629,13.9837952451603,11.4009461273739,12.5185712006621,12.0056635319962,12.0781230034457,12.9264412548084,12.8062052839765,13.3195623655845,13.8298218178814,11.862793959463,12.294853193538,13.7524851858842,13.7814621740226,14.2475567074064,10.5002129116817,13.6833067558084,12.713233067757,12.9116813694638,13.2116927823924,12.8229487737522,13.1428215667053,12.6223602417548,11.8286774475065,11.3230410258173,12.4355300310546,12.4034559160867,12.7180709053713,11.7504743797654,12.1725477121967,12.2759304816177,12.2514824106202,10.8709771737514,12.8210353318484,13.1282168566668,10.7860293346649,12.6505068607097,11.5963007011094,13.3247795653991,13.2919723393296,13.0405024830302,13.3649580598195,13.4874470277111,11.9393847562692,12.0017600283272,12.7190420768849,13.5079988236568,13.1243752200632,13.2289689634027,13.2684932663652,12.506600607928,12.5971498239943,13.4095235306914,12.6025090797297,11.9146277247774
"Lactococcus",0,0,0,0,0,0,5.19826962713627,0,0,0,0,0,7.83964582411446,9.06159620943339,0,6.75679456792813,0,7.10185632652753,7.33091687811462,8.34872815423108,7.11822509502103,8.52225457487023,6.24082692306477,0,0,0,0,0,0,0,0,0,0,0,0,0,6.89053252736262,8.12297175396686,8.2336196767597,0,9.49829519744658,5.24933296415473,9.58914694693971,6.83166479537272,7.54725325000162,9.16859210990375,0,0,0,0,0,0,0,0,0,0,0,0,0,0,0,0,0,0,0,0,0,0,0,0,0,0,0,0,0,0,0,0,0,0,0,0,7.77077160361482,9.32418054661874,0,7.48202360928113,0,7.47640869193865,7.08889565002924,8.01716761397506,7.97154355395077,7.33091687811462,8.22338557666238,0,8.17935622737514,7.33091687811462,7.65105169117893,0,7.59475523773956,8.07069599067093,6.11232102486625,8.012025868807,7.16849304594918,9.302489923525,0,0,0,0,0,0,0,0,0,6.56605403817109,0,7.58628789818772,8.27856008161822,0,8.55458885167764,0,6.23024287130343,6.43819778419808,8.51031463217721,9.10333924047352,9.47305105046093,6.89053252736262,0,7.81466533099705,9.56559100104828,9.21974474567288,0,7.80233684729098,5.79559695118143,8.31321487638116,6.33985000288463,8.35875108631134,8.99370812449647
"Mogibacterium",0,0,0,0,0,0,5.77007390597814,0,0,0,5.05563230698123,0,4.21286964721794,0,0,0,0,0,0,0,0,0,0,0,0,0,0,4.63282213949975,0,6.74662151962079,0,0,0,0,0,6.28397874066005,0,0,0,0,0,0,0,0,0,0,0,0,0,0,0,0,0,0,6.08037341646402,6.97727992349992,0,4.50710518018993,3.78873924389026,0,0,0,0,0,7.1281375662767,4.73557772004196,6.33985000288462,0,0,5.24933296415473,4.9265576290646,0,0,0,0,0,0,6.65821148275179,0,0,0,0,0,0,0,0,0,0,0,0,0,0,0,0,5.50603203149944,0,0,0,0,0,0,0,0,0,0,0,0,0,0,0,0,0,0,0,0,0,0,0,0,0,5.24933296415473,5.86153006220864,0,0,0,0,0,4.18914291698645,0,0,5.6724253419715,0,0,0,0,0,0
"NA",14.3606217679307,14.5083253614862,14.4683482720979,14.9718279217335,14.718744928252,15.0079194053553,14.2205510745123,14.7966713321564,14.3497683658378,15.1963890622242,14.5035031853042,13.9641395074129,14.1145428889971,14.5407536521085,13.344434621924,14.4781646988506,14.3057055299872,14.5384590206996,14.9694314924319,13.8895039634115,14.1766594763216,14.5060389208809,13.4978723122882,14.6472658482226,14.2693060217577,14.9301713641681,14.0288803946938,14.8071368643365,14.3443652665871,14.8768097907925,14.1988226687626,14.3891958395614,15.0951085208765,15.3801282656028,15.0319165400007,15.501389860964,14.65096702659,14.5657566182016,14.4656939358628,14.0362594847026,14.4373740034814,15.0996811202275,15.1812627751355,13.5135485292025,14.3340052548516,14.3856774234689,13.7296561449405,13.7135403604539,14.6836958772505,14.8287811089804,14.4743314390259,14.4032561813578,14.4158832094427,13.7048062026777,14.243843395769,15.1956028971201,13.9888098394347,14.3111158591442,12.877790450115,14.3953077961033,13.6702926846234,14.6846573169655,14.039118968803,14.8448038235481,14.8210486882279,14.6007929851719,14.9837507195969,14.0230663473005,15.1236768648636,14.9624860297038,13.8699396548965,14.3885426234349,14.9458015179187,14.5610748055675,13.9073260024786,15.311256698225,14.8302196786427,15.6731710278671,14.7009627011458,14.8670544085409,14.3176374391785,13.2557662571288,13.8921536833916,14.8823086996679,13.2397290401117,13.6883596000723,14.3543488768354,13.2938547838931,14.3766185697779,14.2380748288153,14.6523408377493,14.9694314924319,13.2552640429228,14.17159754469,14.5521420515024,14.8198298166967,14.9970471337126,13.3582391004261,14.7850319220982,13.9134103697496,13.8033697892183,14.5947827888019,14.0359089539851,14.3416487409247,15.1921302943791,15.9368282169932,14.4490747065555,13.9519361346934,14.3676801734947,15.416594423419,14.0102658374342,15.1249197291643,15.0462003417287,14.6078937564597,12.9820565860734,14.1036108356404,14.6014308967414,14.3151037653876,13.6762089660675,14.0452274162748,14.6866849213689,14.5695759234666,14.3266018464013,14.7772260999387,14.8365960232734,13.3743123409959,14.918475063329,13.7299612932968,14.335716632333,14.0573672640283,15.0785261131974,14.2877845124982,13.8010744919198,14.0981625058661,14.4717387118961,13.8587139574674,13.3785824458741
"Parabacteroides",10.7138774362658,11.0417569183869,11.0444700167223,10.9422701257264,12.5057656168491,10.6256607844679,10.2470798167032,9.71224812897487,9.65441772613209,10.5073441780722,10.0129849085652,10.4758113618262,9.42040350428324,10.2695163334505,11.2143191208008,10.9920278950622,11.9086740764809,9.79338162335572,10.2300204357056,10.1369911120802,12.3748614809916,12.1677317411032,9.45633908921777,11.4777905546231,10.829074025057,11.2517782570359,11.3813626931671,11.1740042409508,12.9569206047211,11.1122869910278,10.7371479085359,9.80139205934837,10.750893044394,10.3702303849202,10.7837388221455,12.2198433457716,9.78684616756858,11.1887948714186,11.7103759712045,11.1184364448465,11.7191194115824,12.6868490326342,10.6585548099091,9.50542741571526,10.3479818106175,10.3192156973125,11.0060143298249,10.2169752032464,11.3183346822298,9.96722625883599,10.1439377128209,11.3019588371123,10.3921640669412,10.7113879357914,10.1894127720809,9.50382573799575,8.77115082856462,9.44429471355628,9.7481498347848,9.74507402646887,10.1596911688055,9.30909734555287,10.0260622965862,13.0320457269308,11.0444700167223,10.539332822968,10.1305705628054,9.73799288334762,10.1476289352439,11.1657212265454,10.8790876716409,9.90455455778991,11.3051564532033,10.3294760240451,11.9985583780465,10.8372900259112,9.91996858505066,11.1363503414542,10.1596911688055,10.5797041539041,11.0430894405942,10.4314976042581,9.38298420509155,9.71596199025515,10.6809088914199,9.60506790749086,13.3734240656386,10.6201434419183,11.6875057289213,9.96722625883599,11.796264984151,11.2294196882304,9.80512639756696,11.6400081694885,10.1756188526677,10.0781508077346,9.89330153086056,11.5127664486468,10.851088315487,10.3493602221671,11.1651925127251,11.3128019391372,10.3521785813126,10.8180611043936,11.8855471761847,10.5947487139437,10.0690076022047,12.1604775060804,11.1363503414542,11.7843550261516,9.92662545243061,10.7256284349971,11.2143191208008,11.9885071789232,9.70448007496718,10.2014753082054,9.61969597109328,9.12882831450672,9.33059681265775,11.4319701175704,10.8555318173262,11.4369345760777,8.09659537408738,12.3270627468496,10.9895776207349,11.5226680661315,11.7175336314554,10.8228455044414,10.2169752032464,10.5967665768177,12.5267437429997,10.0299006829319,10.8576276272465,7.20301966661848,12.4202234193486,11.1623341050677,10.2426100268402
"Prevotella",14.1097956822557,8.16346997930501,13.3959059775001,11.4517262680745,15.9988213738293,10.4468112402652,12.8451259709337,11.7679719113769,10.3906670564891,12.1696308614382,11.5819142799836,13.5986162224413,5.74501082272223,0,13.5266214962479,8.48439135877634,14.6610682641558,4.56847437793259,7.91288933622996,0,0,0,0,13.3391126217509,13.9427394090831,14.6024669018306,14.4743970504715,13.2389520156641,15.3632792379511,9.80512639756696,12.867199233919,11.8604628847034,11.8623360113351,11.6844517157704,12.4685391959723,14.2398337271052,8.38514338989103,7.61061476602965,7.23840473932508,14.3793858886099,5.82159684463338,10.1190852197028,9.07537629453193,0,0,6.01858493300885,14.0905627320045,14.0556236646412,14.8407339332705,13.2439177557433,13.5403755086216,15.1715584538971,13.7907993775898,13.1994277967181,14.4010350440341,14.7419409248781,13.4552975788298,13.9180489643864,12.7140198036706,13.6042498504416,13.2111495540158,12.5982851741466,11.5105993544099,16.1068900450922,12.714937120324,12.3172893978706,12.4202234193486,13.3703107878392,14.4640989868414,14.0501856177964,13.8238647725686,13.5354382570205,0,10.2300204357056,15.5287509972794,11.495212607691,10.5361218538788,12.1987519651937,11.3403156503353,11.8673923118106,12.8676122032827,13.5794338000073,5.47502847368832,0,10.1958335499556,0,15.7369333069286,0,7.08889565002924,6.03377821390928,0,0,9.02867024489287,14.29634609919,5.50603203149944,5.35755200461808,5.6724253419715,15.0599736746638,0,5.19826962713627,7.10185632652753,5.86153006220864,0,4.50710518018993,15.415235131195,14.3706069191377,14.1061659272573,15.2166671699511,15.1223292191687,15.7263120058648,14.4541350430316,14.9466286658471,15.4388459872735,14.4067198769903,12.9284946499598,6.89053252736262,10.4074195230458,13.1822574099203,6.17848701494574,14.6872637138922,12.018599455196,8.64745842645492,4.96823041950661,4.36512161199068,5.05563230698123,7.47143613989636,12.5348702503816,6.92706271965215,6.76961450585156,6.17848701494574,11.1039434298916,6.08037341646402,6.20412648557998,5.63750846241464,0,0,4.21286964721794
"Roseburia",0,0,6.23024287130343,0,0,0,0,0,0,0,0,0,4.21286964721794,0,6.24792751344359,0,0,0,5.35755200461808,4.70043971814109,6.12857215462909,0,0,0,0,0,7.5810211980216,0,0,0,0,0,0,0,0,0,0,0,0,0,0,0,0,0,0,4.47745687525317,0,0,0,5.6724253419715,0,0,0,0,0,0,0,0,0,0,0,6.65821148275179,4.44846050081629,4.70043971814109,0,0,0,0,0,0,0,0,0,0,0,0,0,0,0,0,0,0,0,0,5.98868468677217,0,0,0,0,0,4.84688328624424,5.35755200461808,0,0,0,0,0,0,5.30237529746596,0,0,0,0,4.50710518018993,0,0,0,6.28397874066005,0,0,0,0,0,0,0,3.97323309043721,0,4.9265576290646,0,0,0,0,0,0,0,0,0,5.1490462717664,0,0,0,0,0,0,0,0,0
"RuminococcaceaeIncertaeSedis",7.4884140123629,6.75679456792813,7.22060225478229,7.87241837835138,7.22060225478229,7.31192752807004,7.62518697833065,7.76298800093459,6.94194223439128,6.93324357104742,7.0227257574642,7.4435811511258,8.99370812449647,8.86933679289874,0,9.06801047858417,5.01122725542325,8.31823466224346,9.84705734609134,7.4594316186373,8.28236950150087,7.38945208908437,6.24082692306477,6.01858493300885,7.19430916006927,8.66977088852552,6.58853618360098,7.16849304594918,7.65105169117893,7.22820464705572,6.89053252736262,7.25902680343795,6.80878545766405,7.60398520947315,6.58853618360098,6.86275655407564,9.65270440397735,8.79910170070846,9.29001884693262,5.50603203149944,8.85786583288118,11.3199856616956,8.96866679319521,8.26421556504777,8.79070840098194,8.22338557666238,7.38945208908437,7.93217484173585,7.89386032822742,0,6.45871864850127,5.60344972809904,7.42985503869742,8.08358713461578,7.65105169117893,7.4594316186373,6.02464246078526,6.45871864850127,6.50372382756298,4.63282213949975,6.75679456792813,6.08037341646402,6.71653369426139,8.10852445677817,7.80233684729098,7.49575255183361,7.91288933622996,6.89053252736262,6.08037341646402,8.02380568106037,7.88443990479513,7.22820464705572,8.05368635718718,7.16849304594918,0,7.42985503869742,7.0227257574642,6.65821148275179,4.42008911846206,6.47954252899669,6.78255153105703,8.13442632022093,8.50509237112442,8.78463484555752,5.01122725542325,8.38514338989103,5.82159684463338,8.1931146288142,10.1499187279504,8.9214570629178,9.38298420509155,8.49585502688717,6.23779476325755,8.57724897451175,10.0299006829319,8.90989308377004,10.2888660741658,5.74501082272223,9.58914694693971,9.01919356523331,8.67979995208206,9.29822625921983,8.44268965665728,8.3535304189704,8.25430976377616,0,7.61560720997165,7.85654523945337,7.61061476602965,9.71956895517142,7.80233684729098,5.30237529746596,8.38514338989103,7.29691620687929,7.68739811636223,9.85715772177245,8.03839646301318,7.69266677837497,8.55458885167764,8.38514338989103,8.53671490481935,8.54081994547795,6.52213566326572,9.33998096054285,8.60027263146724,7.47143613989636,6.65821148275179,8.86578659045043,7.93217484173585,8.48439135877634,7.23840473932508,9.06159620943339,8.51031463217721,8.69917037321284,7.91288933622996,7.19430916006927,5.74501082272223
"Ruminococcus",7.75010877954022,9.40848138790485,0,9.38298420509155,8.02380568106037,9.71956895517142,9.20526961680746,8.46087093693569,7.42401262262624,9.24569674529742,7.82531786875663,7.59475523773956,5.17343606436019,0,0,0,5.01122725542325,0,0,0,0,0,0,9.16859210990375,9.39602089110675,9.66799853567253,0,8.96866679319521,5.6724253419715,10.1403946916885,9.29565640760557,10.5306607806695,8.60691923095986,9.26186744039807,8.48439135877634,8.59101880064125,8.2979502196669,0,0,8.72527157112103,4.28677164947375,5.24933296415473,0,0,0,0,7.80233684729098,7.76298800093459,9.04252338591279,0,9.19956566424025,5.60344972809904,9.88242470731967,8.75966329973333,9.45327063401062,10.0375469539622,8.49175033661305,8.3535304189704,7.0135195221075,0,7.16849304594918,0,9.33725021706429,7.4594316186373,9.96722625883599,7.68739811636223,10.3674147512468,8.58252943836606,9.58433619507169,6.80878545766404,8.58252943836606,8.00179745242017,9.58064653028756,8.83965371638404,6.52213566326572,9.92544847233589,9.01438049153856,9.55266909751427,7.81691833850569,9.46532631576892,9.04513912068711,8.02790599656988,6.86964971769,0,0,0,0,0,0,0,0,0,4.47745687525317,8.03839646301318,7.06967352780681,0,0,7.53302228530608,0,0,0,0,0,0,0,0,5.63750846241464,0,8.79910170070846,6.73149768188789,8.96866679319521,8.2700257226389,9.19064778003838,7.7797193551434,7.77444919190855,6.47954252899669,0,0,0,0,0,5.86153006220864,0,0,0,0,0,6.44637032653567,0,0,7.23840473932508,0,0,0,0,0,0
"Subdoligranulum",0,0,6.23024287130343,0,0,0,0,0,0,0,0,0,0,5.10153802646206,0,0,0,0,0,0,0,0,0,0,0,0,0,0,0,0,0,0,0,0,0,0,0,5.82159684463338,0,0,6.54832244678131,6.23024287130343,6.86275655407564,7.0227257574642,7.35570961268724,8.11684164250759,0,0,0,0,0,0,0,0,0,0,0,0,0,0,0,0,0,0,0,0,0,0,0,0,0,0,0,0,0,0,0,0,0,0,0,0,0,0,0,0,0,5.98868468677217,7.08889565002924,0,6.80878545766405,8.3264294871223,5.75999439259656,0,0,0,0,0,0,0,0,0,0,4.50710518018993,0,0,0,0,0,0,0,0,0,6.97727992349992,0,0,6.90746298007978,0,6.75679456792813,0,6.23024287130343,6.84906994122018,7.92732904181831,7.88443990479513,6.61138182639745,4.92655762906459,0,0,0,0,0,0,0,0,0,0,0
"Sutterella",0,4.23703919730085,5.24933296415473,6.65821148275179,5.24933296415473,5.74501082272223,6.97727992349992,7.35016272018377,0,5.94500038048628,6.03377821390928,0,0,0,7.4594316186373,0,0,0,5.35755200461808,0,0,0,0,4.47745687525317,4.26166757006989,5.01122725542325,9.57535915757691,7.16849304594918,6.6582114827518,6.74662151962079,7.11118682328454,6.45871864850127,4.84688328624424,6.03377821390928,4.63282213949975,6.86275655407564,5.32968643450836,0,0,0,0,0,5.30237529746596,0,0,0,0,0,6.73149768188789,8.64745842645492,5.47502847368832,0,6.84906994122018,6.76961450585156,6.08037341646402,5.6724253419715,6.28397874066005,5.47502847368832,0,0,0,7.06967352780681,5.41503749927884,6.24792751344359,6.80878545766405,6.28397874066005,0,0,7.06967352780681,6.80878545766404,0,0,0,4.88613203544172,5.53774786230032,7.84279929161749,5.05563230698123,5.6724253419715,0,4.9265576290646,6.20412648557998,0,0,0,7.43358544115049,0,0,0,0,0,0,0,0,5.60344972809904,0,0,0,4.7716632149143,5.30237529746596,4.23703919730085,5.53774786230032,4.88613203544172,0,0,0,6.52213566326572,0,5.30237529746596,6.80878545766405,6.73149768188789,4.84688328624424,5.30237529746596,5.41503749927884,0,0,0,0,8.05368635718718,0,5.60344972809904,0,0,0,0,0,0,6.08037341646402,0,0,6.58853618360098,5.6724253419715,0,4.26166757006989,0,6.33985000288463,5.22356296504439,0
"Turicibacter",0,0,5.24933296415473,0,0,0,0,4.80874681318428,0,0,0,0,0,0,4.70043971814109,0,0,0,0,0,0,0,0,0,0,0,7.9014415868891,0,0,0,0,0,0,0,0,0,0,10.0067156696917,6.24792751344359,0,10.1190852197028,6.23024287130343,11.3103069083742,5.05563230698123,8.71288685952094,10.2452745476211,0,0,0,5.6724253419715,0,0,0,0,0,0,0,0,0,0,0,5.10153802646206,0,0,0,0,0,0,0,0,0,0,0,0,0,0,0,0,0,0,0,0,0,0,7.14593214582052,0,0,0,0,0,0,0,0,0,0,0,0,0,0,0,0,0,0,0,0,6.52213566326572,0,0,0,0,0,0,0,0,0,0,0,4.9265576290646,0,0,0,0,0,0,0,0,0,0,0,0,0,0,0,0,0,0,0
