sampleID,g__Akkermansia,g__Alistipes,g__Anaerofilum,g__Anaerofustis,g__Anaerostipes,g__Anaerotruncus,g__Anaerovorax,g__Bacteroides,g__Bilophila,g__Bryantella,g__Clostridium,g__Collinsella,g__Coprobacillus,g__Dorea,g__Eggerthella,g__Enterobacter,g__Enterococcus,g__ErysipelotrichaceaeIncertaeSedis,g__Eubacterium,g__Faecalibacterium,g__Hespellia,g__Holdemania,g__Hydrogenophaga,g__LachnospiraceaeIncertaeSedis,g__Lactococcus,g__Mogibacterium,g__nan,g__Parabacteroides,g__Prevotella,g__Roseburia,g__RuminococcaceaeIncertaeSedis,g__Ruminococcus,g__Subdoligranulum,g__Sutterella,g__Turicibacter,subjectID,meta_date,group,age_at_collection,meta_status,reference_group,dataset_type,classification_dataset_type,classification_label
PM1:20080108,5.19826962713627,8.8619730823383,1E-10,1E-10,6.17848701494574,6.17848701494574,5.19826962713627,13.5379290322671,1E-10,7.97154355395077,1E-10,5.19826962713627,11.4627213551379,6.17848701494574,1E-10,1E-10,1E-10,9.48237581802615,7.75010877954022,11.8867308561001,1E-10,6.17848701494574,1E-10,12.5595478054852,1E-10,1E-10,14.3606217679307,10.7138774362658,14.1097956822557,1E-10,7.4884140123629,7.75010877954022,1E-10,1E-10,1E-10,PM1,2008-01-08,BK,22,0,,Test,Test-2,-1
PM1:20080114,8.16346997930501,8.68549969811714,1E-10,1E-10,5.19826962713627,6.4964258261195,1E-10,14.011826256902,6.17848701494574,8.91630602235238,1E-10,4.23703919730085,9.88787336943815,5.19826962713627,4.23703919730085,1E-10,1E-10,9.06801047858417,5.19826962713627,9.88787336943815,1E-10,1E-10,1E-10,11.5252411357316,1E-10,1E-10,14.5083253614862,11.0417569183869,8.16346997930501,1E-10,6.75679456792813,9.40848138790485,1E-10,4.23703919730085,1E-10,PM1,2008-01-14,BK,28,0,,Test,Test-2,-1
PM1:20071211,8.53671490481935,6.23024287130343,1E-10,1E-10,6.23024287130343,1E-10,1E-10,12.9989755879843,1E-10,1E-10,9.21332927853834,10.3412923065632,7.5405944715319,7.80233684729098,5.24933296415473,9.21332927853834,1E-10,10.6712134197626,6.23024287130343,7.22060225478229,1E-10,5.24933296415473,1E-10,11.8112111437151,1E-10,1E-10,14.4683482720979,11.0444700167223,13.3959059775001,6.23024287130343,7.22060225478229,1E-10,6.23024287130343,5.24933296415473,5.24933296415473,PM1,2007-12-11,BK,0,0,,Test,Test-2,-1
PM1:20080121,6.65821148275179,8.64745842645492,1E-10,1E-10,6.65821148275179,5.10153802646206,5.10153802646206,14.3943510404136,6.08037341646402,8.96866679319521,1E-10,1E-10,11.1039434298916,6.65821148275179,1E-10,1E-10,1E-10,9.23122118071119,7.38945208908437,10.7876305324196,5.10153802646206,5.10153802646206,1E-10,12.1360298493856,1E-10,1E-10,14.9718279217335,10.9422701257264,11.4517262680745,1E-10,7.87241837835138,9.38298420509155,1E-10,6.65821148275179,1E-10,PM1,2008-01-21,BK,35,0,,Test,Test-2,-1
PM1:20071217,1E-10,9.300649145263,1E-10,5.24933296415473,5.24933296415473,5.24933296415473,1E-10,13.8034547301393,8.2157576801032,5.24933296415473,1E-10,1E-10,9.91283390658666,11.2558809745944,1E-10,1E-10,1E-10,6.80878545766404,1E-10,13.4155999639805,1E-10,1E-10,1E-10,11.8112111437151,1E-10,1E-10,14.718744928252,12.5057656168491,15.9988213738293,1E-10,7.22060225478229,8.02380568106037,1E-10,5.24933296415473,1E-10,PM1,2007-12-17,BK,6,0,,Test,Test-2,-1
PM1:20080128,6.73149768188789,10.362808992785,1E-10,5.74501082272223,1E-10,7.05070789329066,6.3209786410585,14.4441396544962,4.7716632149143,10.1785338160345,4.7716632149143,1E-10,11.3183346822298,7.31192752807004,5.74501082272223,1E-10,1E-10,8.42250744645885,4.7716632149143,8.96866679319521,4.7716632149143,6.73149768188789,1E-10,12.6068313197665,1E-10,1E-10,15.0079194053553,10.6256607844679,10.4468112402652,1E-10,7.31192752807004,9.71956895517142,1E-10,5.74501082272223,1E-10,PM1,2008-01-28,BK,42,0,,Test,Test-2,-1
PM1:20080204,7.33730332077428,8.8619730823383,1E-10,1E-10,5.77007390597814,6.4964258261195,1E-10,13.9365985062013,1E-10,7.16849304594918,1E-10,4.23703919730085,9.88787336943815,5.19826962713627,4.23703919730085,1E-10,1E-10,7.33730332077428,4.23703919730085,11.3289153030538,1E-10,6.4964258261195,1E-10,11.6902474647259,5.19826962713627,5.77007390597814,14.2205510745123,10.2470798167032,12.8451259709337,1E-10,7.62518697833065,9.20526961680746,1E-10,6.97727992349992,1E-10,PM1,2008-02-04,BK,49,0,,Test,Test-2,-1
PM1:20080211,6.35897782753851,8.92921841653616,1E-10,1E-10,4.80874681318428,1E-10,1E-10,14.3432401197809,4.80874681318428,8.92921841653616,4.80874681318428,1E-10,8.75966329973333,1E-10,1E-10,1E-10,5.78277689933694,8.22060709606518,5.78277689933694,9.80234169941795,4.80874681318428,1E-10,1E-10,11.4150708170466,1E-10,1E-10,14.7966713321564,9.71224812897487,11.7679719113769,1E-10,7.76298800093459,8.46087093693569,1E-10,7.35016272018377,4.80874681318428,PM1,2008-02-11,BK,56,0,,Test,Test-2,-1
PM1:20080218,4.66620234868133,7.78471463401762,1E-10,1E-10,6.94194223439128,1E-10,1E-10,13.3699197975182,1E-10,8.19811558722264,1E-10,1E-10,9.61007954991043,5.63750846241464,1E-10,1E-10,1E-10,8.41980606297165,4.66620234868133,8.07303122002801,1E-10,1E-10,1E-10,10.8757868045623,1E-10,1E-10,14.3497683658378,9.65441772613209,10.3906670564891,1E-10,6.94194223439128,7.42401262262624,1E-10,1E-10,1E-10,PM1,2008-02-18,BK,63,0,,Test,Test-2,-1
PM1:20080225,1E-10,9.73044440532935,1E-10,5.94500038048628,4.96823041950661,5.94500038048628,1E-10,14.4586726410497,1E-10,9.38298420509155,1E-10,1E-10,10.3148406890974,5.94500038048628,1E-10,1E-10,1E-10,8.62548746895924,6.93324357104742,8.73214172406376,4.96823041950661,5.94500038048628,1E-10,11.8406468112179,1E-10,1E-10,15.1963890622242,10.5073441780722,12.1696308614382,1E-10,6.93324357104742,9.24569674529742,1E-10,5.94500038048628,1E-10,PM1,2008-02-25,BK,70,0,,Test,Test-2,-1
PM1:20080303,1E-10,8.33798150593288,1E-10,5.05563230698123,1E-10,6.03377821390928,1E-10,13.3155102457203,5.05563230698123,9.01438049153856,1E-10,1E-10,10.0573367164488,1E-10,1E-10,1E-10,1E-10,9.01438049153856,6.03377821390928,8.47507965153758,5.05563230698123,1E-10,1E-10,11.2216455855949,1E-10,5.05563230698123,14.5035031853042,10.0129849085652,11.5819142799836,1E-10,7.0227257574642,7.82531786875663,1E-10,6.03377821390928,1E-10,PM1,2008-03-03,BK,77,0,,Test,Test-2,-1
PM10:20080107,1E-10,8.96866679319521,1E-10,4.33847927115121,6.86275655407564,1E-10,1E-10,13.0792924595335,4.33847927115121,6.60219920564646,1E-10,7.08337704117909,11.1728601945666,6.86275655407564,1E-10,1E-10,1E-10,9.26768704321517,6.28397874066005,10.7256284349971,1E-10,5.87509952869344,1E-10,11.9936188462872,1E-10,1E-10,13.9641395074129,10.4758113618262,13.5986162224413,1E-10,7.4435811511258,7.59475523773956,1E-10,1E-10,1E-10,PM10,2008-01-07,BK,21,1,True,Validation,Test-1,1
PM10:20080108,5.74501082272223,8.78003606080239,1E-10,1E-10,8.22518629189355,6.47117604896254,5.74501082272223,11.953437052598,4.21286964721794,6.47117604896254,1E-10,9.08974084243268,10.7919197178187,1E-10,1E-10,1E-10,1E-10,12.0036103730009,8.04525671731592,9.08974084243268,1E-10,6.47117604896254,1E-10,12.8055211513747,7.83964582411446,4.21286964721794,14.1145428889971,9.42040350428324,5.74501082272223,4.21286964721794,8.99370812449647,5.17343606436019,1E-10,1E-10,1E-10,PM10,2008-01-08,Western,22,1,True,Validation,Test-1,1
PM10:20080114,6.08037341646402,7.87241837835138,1E-10,5.10153802646206,7.38945208908437,1E-10,6.08037341646402,10.9665054519057,1E-10,1E-10,1E-10,1E-10,8.2336196767597,1E-10,1E-10,1E-10,13.7766729133295,13.9169679588624,10.0144854808076,1E-10,6.08037341646402,1E-10,5.10153802646206,13.5428303574851,9.06159620943339,1E-10,14.5407536521085,10.2695163334505,1E-10,1E-10,8.86933679289874,1E-10,5.10153802646206,1E-10,1E-10,PM10,2008-01-14,Western,28,1,True,Validation,Test-1,1
PM10:20071211,7.65105169117893,6.24792751344359,1E-10,1E-10,1E-10,1E-10,1E-10,12.9883296492311,1E-10,1E-10,7.82017896241519,8.2336196767597,8.81698362325538,4.70043971814109,4.70043971814109,8.10852445677817,1E-10,9.55266909751427,1E-10,7.4594316186373,1E-10,1E-10,1E-10,10.8145824659063,1E-10,1E-10,13.344434621924,11.2143191208008,13.5266214962479,6.24792751344359,1E-10,1E-10,1E-10,7.4594316186373,4.70043971814109,PM10,2007-12-11,BK,0,1,True,Validation,Test-1,1
PM10:20080121,7.4884140123629,7.75010877954022,1E-10,6.75679456792813,5.19826962713627,5.19826962713627,6.17848701494574,13.1529412043399,7.4884140123629,5.19826962713627,1E-10,1E-10,10.2888660741658,1E-10,1E-10,1E-10,13.6938136177613,13.6860158373061,9.80390046664173,1E-10,1E-10,5.19826962713627,1E-10,13.2929994317531,6.75679456792813,1E-10,14.4781646988506,10.9920278950622,8.48439135877634,1E-10,9.06801047858417,1E-10,1E-10,1E-10,1E-10,PM10,2008-01-21,Western,35,1,True,Validation,Test-1,1
PM10:20071217,1E-10,7.55842071326866,1E-10,1E-10,5.98868468677217,1E-10,1E-10,12.6313476038323,5.01122725542325,1E-10,1E-10,6.56605403817109,11.095726668639,10.9437968195988,1E-10,1E-10,1E-10,8.87574935142006,6.56605403817109,11.4257404243162,1E-10,1E-10,1E-10,11.6941402040764,1E-10,1E-10,14.3057055299872,11.9086740764809,14.6610682641558,1E-10,5.01122725542325,5.01122725542325,1E-10,1E-10,1E-10,PM10,2007-12-17,BK,6,1,True,Validation,Test-1,1
PM10:20080128,4.56847437793259,7.68331365811423,1E-10,4.56847437793259,1E-10,4.56847437793259,4.56847437793259,12.261534020583,7.8346146946342,1E-10,1E-10,1E-10,9.71752064969898,1E-10,1E-10,1E-10,12.4952872468296,13.1859875830324,9.03267192384193,1E-10,1E-10,1E-10,1E-10,12.9494785600607,7.10185632652753,1E-10,14.5384590206996,9.79338162335572,4.56847437793259,1E-10,8.31823466224346,1E-10,1E-10,1E-10,1E-10,PM10,2008-01-28,Western,42,1,True,Validation,Test-1,1
PM10:20080204,1E-10,9.02513956227851,1E-10,6.91886323727459,5.35755200461808,7.33091687811462,6.33985000288462,13.1294440230319,8.64745842645492,5.35755200461808,1E-10,1E-10,9.71596199025514,1E-10,1E-10,1E-10,13.344434621924,13.0500186685523,8.78463484555752,1E-10,5.35755200461808,5.35755200461808,1E-10,13.4095235306914,7.33091687811462,1E-10,14.9694314924319,10.2300204357056,7.91288933622996,5.35755200461808,9.84705734609134,1E-10,1E-10,5.35755200461808,1E-10,PM10,2008-02-04,Western,49,1,True,Validation,Test-1,1
PM10:20080211,6.65821148275179,9.16992500144231,4.70043971814109,1E-10,1E-10,1E-10,4.70043971814109,12.4578938373147,7.97154355395077,4.70043971814109,1E-10,1E-10,8.64745842645492,1E-10,1E-10,1E-10,13.7886163862508,12.6497052654714,8.45532722030456,1E-10,4.70043971814109,4.70043971814109,1E-10,12.3165643853969,8.34872815423108,1E-10,13.8895039634115,10.1369911120802,1E-10,4.70043971814109,7.4594316186373,1E-10,1E-10,1E-10,1E-10,PM10,2008-02-11,Western,56,1,True,Validation,Test-1,1
PM10:20080218,7.43807484295121,10.1091101398382,1E-10,5.1490462717664,1E-10,5.1490462717664,1E-10,12.6854511488808,8.57103337204714,1E-10,1E-10,1E-10,10.0160878167241,1E-10,1E-10,5.1490462717664,12.6471870194326,12.4743790460829,7.43807484295121,1E-10,1E-10,5.1490462717664,1E-10,12.876179519695,7.11822509502103,1E-10,14.1766594763216,12.3748614809916,1E-10,6.12857215462909,8.28236950150087,1E-10,1E-10,1E-10,1E-10,PM10,2008-02-18,Western,63,1,True,Validation,Test-1,1
PM10:20080225,6.65821148275179,10.9176207128322,1E-10,1E-10,1E-10,5.10153802646206,5.10153802646206,13.9538023756544,6.65821148275179,1E-10,1E-10,1E-10,9.76099709568296,1E-10,1E-10,5.10153802646206,14.2635381888128,13.2439177557433,7.38945208908437,1E-10,1E-10,1E-10,1E-10,12.9779357617362,8.52225457487023,1E-10,14.5060389208809,12.1677317411032,1E-10,1E-10,7.38945208908437,1E-10,1E-10,1E-10,1E-10,PM10,2008-02-25,Western,70,1,True,Validation,Test-1,1
PM10:20080303,7.49269023858272,7.7139378739842,1E-10,3.99325527036665,5.92366008500436,1E-10,3.99325527036665,10.3437492034664,7.23125700848895,1E-10,1E-10,1E-10,8.0749801576938,1E-10,1E-10,1E-10,13.3281955511877,12.2083390150512,7.7139378739842,1E-10,3.99325527036665,1E-10,1E-10,11.6348584485543,6.24082692306477,1E-10,13.4978723122882,9.45633908921777,1E-10,1E-10,6.24082692306477,1E-10,1E-10,1E-10,1E-10,PM10,2008-03-03,Western,77,1,True,Validation,Test-1,1
PM11:20080107,1E-10,10.1403946916885,1E-10,4.47745687525317,6.01858493300885,5.44470653534577,1E-10,13.4113278618026,1E-10,9.16859210990375,1E-10,4.47745687525317,10.7695741112848,6.01858493300885,1E-10,1E-10,1E-10,8.73650988380628,8.22338557666238,8.41542713738967,5.44470653534577,4.47745687525317,1E-10,11.903425183847,1E-10,1E-10,14.6472658482226,11.4777905546231,13.3391126217509,1E-10,6.01858493300885,9.16859210990375,1E-10,4.47745687525317,1E-10,PM11,2008-01-07,BK,21,0,,Test,Train-2,-1
PM11:20080108,1E-10,8.83145120379228,1E-10,4.26166757006989,6.20412648557998,5.79559695118143,1E-10,12.9757665642116,5.22356296504439,9.09395768608432,1E-10,1E-10,10.3753356827681,4.26166757006989,5.22356296504439,1E-10,4.26166757006989,9.27421929820142,7.00307065395997,9.23122118071119,1E-10,1E-10,1E-10,11.4233546997335,1E-10,1E-10,14.2693060217577,10.829074025057,13.9427394090831,1E-10,7.19430916006927,9.39602089110675,1E-10,4.26166757006989,1E-10,PM11,2008-01-08,BK,22,0,,Test,Train-2,-1
PM11:20080114,5.01122725542325,10.5517082616207,5.01122725542325,5.98868468677217,6.56605403817109,5.01122725542325,1E-10,13.766787692621,5.01122725542325,9.49135207356344,1E-10,1E-10,10.694575537526,7.29691620687929,1E-10,1E-10,5.98868468677217,9.05596023445229,5.01122725542325,9.55266909751427,1E-10,5.01122725542325,1E-10,11.8365435335543,1E-10,1E-10,14.9301713641681,11.2517782570359,14.6024669018306,1E-10,8.66977088852552,9.66799853567253,1E-10,5.01122725542325,1E-10,PM11,2008-01-14,BK,28,0,,Test,Train-2,-1
PM11:20071211,7.16849304594918,6.58853618360098,1E-10,1E-10,1E-10,1E-10,1E-10,13.7781407028022,5.60344972809904,1E-10,7.9014415868891,6.58853618360098,6.58853618360098,5.60344972809904,1E-10,7.5810211980216,1E-10,8.7467542305164,1E-10,1E-10,1E-10,1E-10,1E-10,11.2179288563651,1E-10,1E-10,14.0288803946938,11.3813626931671,14.4743970504715,7.5810211980216,6.58853618360098,1E-10,1E-10,9.57535915757691,7.9014415868891,PM11,2007-12-11,BK,0,0,,Test,Train-2,-1
PM11:20080121,5.60344972809904,9.66271075599552,1E-10,1E-10,7.16849304594918,5.60344972809904,1E-10,13.6125010427588,4.63282213949975,9.70448007496718,1E-10,1E-10,10.3025301314611,5.60344972809904,1E-10,1E-10,4.63282213949975,8.38514338989103,6.17848701494574,8.16346997930501,1E-10,1E-10,1E-10,11.6507312275865,1E-10,4.63282213949975,14.8071368643365,11.1740042409508,13.2389520156641,1E-10,7.16849304594918,8.96866679319521,1E-10,7.16849304594918,1E-10,PM11,2008-01-21,BK,35,0,,Test,Train-2,-1
PM11:20071217,5.6724253419715,7.97154355395077,1E-10,1E-10,1E-10,5.6724253419715,1E-10,13.8138813748941,1E-10,1E-10,1E-10,1E-10,7.97154355395077,8.45532722030456,1E-10,1E-10,1E-10,5.6724253419715,1E-10,13.127833153011,1E-10,1E-10,1E-10,11.4517262680745,1E-10,1E-10,14.3443652665871,12.9569206047211,15.3632792379511,1E-10,7.65105169117893,5.6724253419715,1E-10,6.6582114827518,1E-10,PM11,2007-12-17,BK,6,0,,Test,Train-2,-1
PM11:20080128,8.41542713738967,10.1403946916885,1E-10,4.47745687525317,6.01858493300885,6.74662151962079,1E-10,14.4336284432579,5.44470653534577,10.167338068029,1E-10,1E-10,10.4996550866543,6.74662151962079,5.44470653534577,1E-10,5.44470653534577,9.80512639756696,7.58863490444621,9.622480248261,1E-10,4.47745687525317,1E-10,12.3303388358923,1E-10,6.74662151962079,14.8768097907925,11.1122869910278,9.80512639756696,1E-10,7.22820464705572,10.1403946916885,1E-10,6.74662151962079,1E-10,PM11,2008-01-28,BK,42,0,,Test,Train-2,-1
PM11:20080204,6.31163702771494,8.38514338989103,4.36512161199068,4.36512161199068,1E-10,5.90264112260716,1E-10,14.0076920498967,5.90264112260716,9.10333924047352,1E-10,1E-10,9.58064653028756,5.90264112260716,1E-10,1E-10,5.32968643450836,9.42474264228349,6.31163702771494,10.3819033996664,1E-10,1E-10,1E-10,11.5033093675952,1E-10,1E-10,14.1988226687626,10.7371479085359,12.867199233919,1E-10,6.89053252736262,9.29565640760557,1E-10,7.11118682328454,1E-10,PM11,2008-02-04,BK,49,0,,Test,Train-2,-1
PM11:20080211,7.03820330757069,9.65346820106541,1E-10,5.47502847368832,6.45871864850127,6.45871864850127,4.50710518018993,14.2877845124982,5.47502847368832,9.61398959695738,1E-10,1E-10,9.65346820106541,7.03820330757069,1E-10,1E-10,5.47502847368832,9.25194544774303,7.03820330757069,10.2762761534336,1E-10,5.47502847368832,1E-10,11.6325013636459,1E-10,1E-10,14.3891958395614,9.80139205934837,11.8604628847034,1E-10,7.25902680343795,10.5306607806695,1E-10,6.45871864850127,1E-10,PM11,2008-02-11,BK,56,0,,Test,Train-2,-1
PM11:20080218,5.82159684463338,8.88637401310802,1E-10,4.84688328624424,5.82159684463338,6.80878545766405,1E-10,14.4271018317896,4.84688328624424,9.84182639387441,1E-10,1E-10,10.4116286773739,5.82159684463338,1E-10,1E-10,1E-10,9.3216776052538,6.80878545766405,10.1546774886474,1E-10,4.84688328624424,1E-10,12.090810803244,1E-10,1E-10,15.0951085208765,10.750893044394,11.8623360113351,1E-10,6.80878545766405,8.60691923095986,1E-10,4.84688328624424,1E-10,PM11,2008-02-18,BK,63,0,,Test,Train-2,-1
PM11:20080225,9.01438049153856,8.71546386985168,1E-10,1E-10,7.0227257574642,7.0227257574642,5.05563230698123,14.5273489090064,5.05563230698123,9.71374680415967,1E-10,1E-10,9.33575051522726,6.03377821390928,6.03377821390928,1E-10,5.05563230698123,9.10167921660916,6.03377821390928,8.47507965153758,6.61138182639745,6.61138182639745,1E-10,12.4127320226574,1E-10,1E-10,15.3801282656028,10.3702303849202,11.6844517157704,1E-10,7.60398520947315,9.26186744039807,1E-10,6.03377821390928,1E-10,PM11,2008-02-25,BK,70,0,,Test,Train-2,-1
PM11:20080303,8.82457997105461,8.89842143966059,1E-10,4.63282213949975,1E-10,6.90746298007978,4.63282213949975,13.830953709662,4.63282213949975,9.57535915757691,1E-10,1E-10,8.27856008161822,6.90746298007978,4.63282213949975,1E-10,1E-10,7.5810211980216,5.60344972809904,8.7467542305164,1E-10,1E-10,1E-10,11.3553773174704,1E-10,1E-10,15.0319165400007,10.7837388221455,12.4685391959723,1E-10,6.58853618360098,8.48439135877634,1E-10,4.63282213949975,1E-10,PM11,2008-03-03,BK,77,0,,Test,Train-2,-1
PM12:20080107,7.27469173878025,8.96866679319521,1E-10,5.30237529746596,5.30237529746596,5.30237529746596,5.30237529746596,13.8238647725686,5.30237529746596,9.96722625883599,1E-10,1E-10,11.0473861201882,7.27469173878025,1E-10,5.30237529746596,1E-10,10.9099507627322,8.2700257226389,8.72818216795002,1E-10,7.27469173878025,1E-10,12.4847648104647,1E-10,6.28397874066005,15.501389860964,12.2198433457716,14.2398337271052,1E-10,6.86275655407564,8.59101880064125,1E-10,6.86275655407564,1E-10,PM12,2008-01-07,BK,21,1,True,Train,Train-1,1
PM12:20080108,4.36512161199068,9.05096896502651,4.36512161199068,1E-10,7.11118682328454,6.89053252736262,6.31163702771494,12.6110021883242,1E-10,9.20270003753393,1E-10,4.36512161199068,9.87985349313533,5.32968643450836,4.36512161199068,1E-10,1E-10,11.3919279873694,8.94015523246532,7.30252693156256,1E-10,7.75946396192448,4.36512161199068,12.908256472166,6.89053252736262,1E-10,14.65096702659,9.78684616756858,8.38514338989103,1E-10,9.65270440397735,8.2979502196669,1E-10,5.32968643450836,1E-10,PM12,2008-01-08,Western,22,1,True,Train,Train-1,1
PM12:20080114,1E-10,8.26000473991096,1E-10,5.82159684463338,7.38945208908437,4.84688328624424,5.82159684463338,12.3430314544594,4.84688328624424,1E-10,1E-10,1E-10,10.0067156696917,1E-10,1E-10,4.84688328624424,13.1358695766485,12.197046006428,10.6041413541092,1E-10,1E-10,6.39803107397315,4.84688328624424,13.5871394063375,8.12297175396686,1E-10,14.5657566182016,11.1887948714186,7.61061476602965,1E-10,8.79910170070846,1E-10,5.82159684463338,1E-10,10.0067156696917,PM12,2008-01-14,Western,28,1,True,Train,Train-1,1
PM12:20080121,1E-10,7.65105169117893,1E-10,6.65821148275179,4.70043971814109,6.24792751344359,5.6724253419715,12.4514687129474,6.24792751344359,1E-10,1E-10,1E-10,9.64565843240871,1E-10,5.6724253419715,1E-10,13.2214360774453,12.3376219019925,9.68999797141945,1E-10,1E-10,7.23840473932508,5.6724253419715,13.6097558854237,8.2336196767597,1E-10,14.4656939358628,11.7103759712045,7.23840473932508,1E-10,9.29001884693262,1E-10,1E-10,1E-10,6.24792751344359,PM12,2008-01-21,Western,35,1,True,Train,Train-1,1
PM12:20071217,8.47798307283949,6.08037341646402,1E-10,1E-10,7.48202360928113,5.50603203149944,1E-10,12.2490146616676,6.49007089098767,4.53743413063857,1E-10,5.50603203149944,11.7127658058367,8.93631076017344,1E-10,1E-10,1E-10,9.17686572030839,7.06967352780681,4.53743413063857,1E-10,1E-10,1E-10,12.1746829942385,1E-10,1E-10,14.0362594847026,11.1184364448465,14.3793858886099,1E-10,5.50603203149944,8.72527157112103,1E-10,1E-10,1E-10,PM12,2007-12-17,BK,6,1,True,Train,Train-1,1
PM12:20080128,6.23024287130343,10.3819033996664,1E-10,5.24933296415473,4.28677164947375,5.82159684463338,1E-10,13.5239022255583,8.30293503911901,1E-10,1E-10,1E-10,8.12297175396686,4.28677164947375,1E-10,4.28677164947375,10.2121135431906,12.2335642010776,9.12038189481559,4.28677164947375,1E-10,1E-10,1E-10,12.9355947976988,9.49829519744658,1E-10,14.4373740034814,11.7191194115824,5.82159684463338,1E-10,8.85786583288118,4.28677164947375,6.54832244678131,1E-10,10.1190852197028,PM12,2008-01-28,Western,42,1,True,Train,Train-1,1
PM12:20080204,7.22060225478229,10.2121135431906,1E-10,1E-10,6.80878545766404,5.24933296415473,5.24933296415473,14.1446670932602,8.53671490481935,1E-10,1E-10,1E-10,10.1190852197028,1E-10,1E-10,1E-10,10.8264013620865,11.7191194115824,7.5405944715319,8.91432975995329,5.24933296415473,7.5405944715319,5.24933296415473,13.70685970775,5.24933296415473,1E-10,15.0996811202275,12.6868490326342,10.1190852197028,1E-10,11.3199856616956,5.24933296415473,6.23024287130343,1E-10,6.23024287130343,PM12,2008-02-04,Western,49,1,True,Train,Train-1,1
PM12:20080211,6.86275655407564,7.85654523945337,1E-10,1E-10,6.28397874066005,5.30237529746596,6.28397874066005,12.9659646102721,5.30237529746596,6.28397874066005,1E-10,1E-10,10.6238111609599,6.28397874066005,1E-10,1E-10,13.8504047464121,13.0002302796196,10.7580309792727,1E-10,1E-10,6.28397874066005,5.30237529746596,13.816191375293,9.58914694693971,1E-10,15.1812627751355,10.6585548099091,9.07537629453193,1E-10,8.96866679319521,1E-10,6.86275655407564,5.30237529746596,11.3103069083742,PM12,2008-02-11,Western,56,1,True,Train,Train-1,1
PM12:20080218,6.61138182639745,8.01716761397506,1E-10,1E-10,5.05563230698123,4.09837174041728,1E-10,10.9895776207349,1E-10,1E-10,1E-10,1E-10,8.76978453388196,4.09837174041728,1E-10,1E-10,12.3912349262313,11.677364450258,8.40815850709707,1E-10,1E-10,1E-10,1E-10,12.3292809592041,6.83166479537272,1E-10,13.5135485292025,9.50542741571526,1E-10,1E-10,8.26421556504777,1E-10,7.0227257574642,1E-10,5.05563230698123,PM12,2008-02-18,Western,63,1,True,Train,Train-1,1
PM12:20080225,6.1450138638125,8.00457978040312,1E-10,1E-10,6.87380175525523,4.60025868781767,5.57020873403113,11.9745063019804,5.57020873403113,1E-10,1E-10,1E-10,9.82651153632492,4.60025868781767,1E-10,1E-10,13.6637520129301,11.3729536159664,8.79070840098194,1E-10,4.60025868781767,5.57020873403113,1E-10,12.749182461066,7.54725325000162,1E-10,14.3340052548516,10.3479818106175,1E-10,1E-10,8.79070840098194,1E-10,7.35570961268724,1E-10,8.71288685952094,PM12,2008-02-25,Western,70,1,True,Train,Train-1,1
PM12:20080303,7.58863490444621,8.58488256194619,4.47745687525317,6.01858493300885,4.47745687525317,5.44470653534577,5.44470653534577,12.1050099217409,7.22820464705572,1E-10,1E-10,1E-10,9.22096999151916,1E-10,5.44470653534577,1E-10,11.9814078743769,12.645040363477,9.11424074550574,1E-10,4.47745687525317,5.44470653534577,1E-10,12.9231338464824,9.16859210990375,1E-10,14.3856774234689,10.3192156973125,6.01858493300885,4.47745687525317,8.22338557666238,1E-10,8.11684164250759,1E-10,10.2452745476211,PM12,2008-03-03,Western,77,1,True,Train,Train-1,1
PM2:20080107,1E-10,8.79910170070846,1E-10,5.82159684463338,4.84688328624424,4.84688328624424,1E-10,12.8993359411673,5.82159684463338,4.84688328624424,1E-10,1E-10,10.3819033996664,7.80233684729098,4.84688328624424,4.84688328624424,1E-10,10.0451529133805,6.39803107397315,11.2227278304098,1E-10,5.82159684463338,1E-10,12.0629830378878,1E-10,1E-10,13.7296561449405,11.0060143298249,14.0905627320045,1E-10,7.38945208908437,7.80233684729098,1E-10,1E-10,1E-10,PM2,2008-01-07,BK,21,0,,Test,Train-2,-1
PM2:20080108,6.76961450585156,7.76298800093459,1E-10,4.80874681318428,5.78277689933694,6.35897782753851,1E-10,12.4290179025551,4.80874681318428,5.78277689933694,1E-10,1E-10,10.8656287875457,7.08889565002924,1E-10,1E-10,1E-10,10.2493697438859,6.35897782753851,10.9665054519057,1E-10,1E-10,1E-10,12.148966043236,1E-10,1E-10,13.7135403604539,10.2169752032464,14.0556236646412,1E-10,7.93217484173585,7.76298800093459,1E-10,1E-10,1E-10,PM2,2008-01-08,BK,22,0,,Test,Train-2,-1
PM2:20080114,4.7716632149143,9.67382046348133,1E-10,4.7716632149143,7.31192752807004,6.3209786410585,1E-10,13.3939478380599,4.7716632149143,9.96722625883599,1E-10,6.3209786410585,10.7630812941436,5.74501082272223,5.74501082272223,1E-10,1E-10,9.11278242590581,7.31192752807004,10.0767452885618,1E-10,1E-10,1E-10,11.7182850077456,1E-10,1E-10,14.6836958772505,11.3183346822298,14.8407339332705,1E-10,7.89386032822742,9.04252338591279,1E-10,6.73149768188789,1E-10,PM2,2008-01-14,BK,28,0,,Test,Train-2,-1
PM2:20071211,6.65821148275179,1E-10,1E-10,1E-10,5.6724253419715,1E-10,1E-10,12.3023533264312,1E-10,1E-10,5.6724253419715,10.1686721181322,7.97154355395077,7.23840473932508,1E-10,7.23840473932508,1E-10,11.288289342181,1E-10,7.23840473932508,1E-10,1E-10,1E-10,12.0535865436392,1E-10,1E-10,14.8287811089804,9.96722625883599,13.2439177557433,5.6724253419715,1E-10,1E-10,1E-10,8.64745842645492,5.6724253419715,PM2,2007-12-11,BK,0,0,,Test,Train-2,-1
PM2:20080121,6.04913827043028,8.83769648440759,1E-10,4.50710518018993,1E-10,1E-10,1E-10,12.9541567900174,1E-10,9.57340021410559,1E-10,4.50710518018993,10.3974886287526,4.50710518018993,4.50710518018993,1E-10,1E-10,8.14775795712629,6.77736253491929,8.14775795712629,1E-10,5.47502847368832,1E-10,11.5407387388136,1E-10,1E-10,14.4743314390259,10.1439377128209,13.5403755086216,1E-10,6.45871864850127,9.19956566424025,1E-10,5.47502847368832,1E-10,PM2,2008-01-21,BK,35,0,,Test,Train-2,-1
PM2:20071217,1E-10,7.5810211980216,1E-10,1E-10,7.9014415868891,5.60344972809904,1E-10,12.7234273219221,1E-10,1E-10,1E-10,7.5810211980216,10.8961521729153,11.4808623124117,6.58853618360098,1E-10,1E-10,7.5810211980216,6.58853618360098,11.8026894504476,5.60344972809904,5.60344972809904,1E-10,12.3551019727196,1E-10,1E-10,14.4032561813578,11.3019588371123,15.1715584538971,1E-10,5.60344972809904,5.60344972809904,1E-10,1E-10,1E-10,PM2,2007-12-17,BK,6,0,,Test,Train-2,-1
PM2:20080128,1E-10,9.74507402646887,1E-10,1E-10,5.86153006220864,5.86153006220864,4.88613203544172,13.4439610482893,4.88613203544172,10.4225153502296,5.86153006220864,4.88613203544172,10.0857569676537,5.86153006220864,1E-10,1E-10,1E-10,8.54081994547795,4.88613203544172,10.2970800284931,1E-10,1E-10,1E-10,11.7438125880265,1E-10,1E-10,14.4158832094427,10.3921640669412,13.7907993775898,1E-10,7.42985503869742,9.88242470731967,1E-10,6.84906994122018,1E-10,PM2,2008-01-28,BK,42,0,,Test,Train-2,-1
PM2:20080204,1E-10,8.84693033151707,1E-10,1E-10,1E-10,5.78277689933694,1E-10,14.0325414180554,1E-10,7.08889565002924,5.78277689933694,1E-10,7.93217484173585,1E-10,4.80874681318428,1E-10,1E-10,7.76298800093459,6.35897782753851,11.3715853513347,1E-10,6.35897782753851,1E-10,11.8441862048174,1E-10,1E-10,13.7048062026777,10.7113879357914,13.1994277967181,1E-10,8.08358713461578,8.75966329973333,1E-10,6.76961450585156,1E-10,PM2,2008-02-04,BK,49,0,,Test,Train-2,-1
PM2:20080211,5.10153802646206,10.6144031161368,1E-10,1E-10,7.06967352780681,6.08037341646402,1E-10,14.3163522503581,1E-10,7.87241837835138,6.65821148275179,5.10153802646206,9.23122118071119,6.65821148275179,5.10153802646206,1E-10,1E-10,8.86933679289874,6.65821148275179,10.6744865455645,1E-10,6.08037341646402,1E-10,11.1469928730508,1E-10,6.08037341646402,14.243843395769,10.1894127720809,14.4010350440341,1E-10,7.65105169117893,9.45327063401062,1E-10,6.08037341646402,1E-10,PM2,2008-02-11,BK,56,0,,Test,Train-2,-1
PM2:20080218,7.82017896241519,8.64745842645492,1E-10,5.6724253419715,5.6724253419715,5.6724253419715,1E-10,13.4673508144876,1E-10,9.96722625883599,4.70043971814109,1E-10,11.2443638351205,4.70043971814109,1E-10,1E-10,1E-10,9.10590850857116,7.65105169117893,10.1686721181322,1E-10,4.70043971814109,1E-10,12.1910592145317,1E-10,6.97727992349992,15.1956028971201,9.50382573799575,14.7419409248781,1E-10,7.4594316186373,10.0375469539622,1E-10,5.6724253419715,1E-10,PM2,2008-02-18,BK,63,0,,Test,Train-2,-1
PM2:20080225,1E-10,7.85654523945337,1E-10,1E-10,4.73557772004196,3.78873924389026,1E-10,12.5354934744067,1E-10,7.85654523945337,1E-10,1E-10,8.96866679319521,5.30237529746596,1E-10,1E-10,3.78873924389026,7.77444919190855,6.28397874066005,8.63820382392693,1E-10,3.78873924389026,1E-10,10.6470663114088,1E-10,1E-10,13.9888098394347,8.77115082856462,13.4552975788298,1E-10,6.02464246078526,8.49175033661305,1E-10,6.28397874066005,1E-10,PM2,2008-02-25,BK,70,0,,Test,Train-2,-1
PM2:20080303,7.45049406656862,7.90767445601405,1E-10,1E-10,4.50710518018993,6.04913827043028,1E-10,12.5246162346828,1E-10,8.69363846131053,1E-10,1E-10,9.65346820106541,1E-10,1E-10,1E-10,1E-10,7.77077160361482,6.77736253491929,10.0582859041678,4.50710518018993,1E-10,1E-10,10.7284751168354,1E-10,4.50710518018993,14.3111158591442,9.44429471355628,13.9180489643864,1E-10,6.45871864850127,8.3535304189704,1E-10,5.47502847368832,1E-10,PM2,2008-03-03,BK,77,0,,Test,Train-2,-1
PM3:20080107,4.73557772004196,8.00792572809411,1E-10,1E-10,5.70824384115435,1E-10,1E-10,12.0730343610598,5.30237529746596,8.00792572809411,1E-10,1E-10,9.72648018167961,4.73557772004196,1E-10,6.02464246078526,1E-10,8.43943134507139,5.70824384115435,8.59101880064125,1E-10,1E-10,1E-10,11.2278781660663,1E-10,3.78873924389026,12.877790450115,9.7481498347848,12.7140198036706,1E-10,6.50372382756298,7.0135195221075,1E-10,1E-10,1E-10,PM3,2008-01-07,BK,21,0,,Test,Test-2,-1
PM3:20080108,4.63282213949975,8.03839646301318,1E-10,1E-10,5.60344972809904,1E-10,1E-10,12.9787870549267,6.17848701494574,8.57724897451175,1E-10,1E-10,9.33059681265775,4.63282213949975,4.63282213949975,1E-10,1E-10,9.16095187237319,7.16849304594918,10.3025301314611,1E-10,1E-10,1E-10,11.2179288563651,1E-10,1E-10,14.3953077961033,9.74507402646887,13.6042498504416,1E-10,4.63282213949975,1E-10,1E-10,1E-10,1E-10,PM3,2008-01-08,BK,22,0,,Test,Test-2,-1
PM3:20080114,1E-10,7.97154355395077,1E-10,1E-10,4.23703919730085,1E-10,4.23703919730085,12.5765180889189,1E-10,9.20526961680746,1E-10,4.23703919730085,9.74507402646887,1E-10,1E-10,1E-10,1E-10,8.62152862995259,5.19826962713627,10.2681242274304,1E-10,4.23703919730085,1E-10,10.8734441125154,1E-10,1E-10,13.6702926846234,10.1596911688055,13.2111495540158,1E-10,6.75679456792813,7.16849304594918,1E-10,1E-10,1E-10,PM3,2008-01-14,BK,28,0,,Test,Test-2,-1
PM3:20071211,5.10153802646206,6.08037341646402,1E-10,1E-10,6.65821148275179,1E-10,1E-10,11.2493110145135,1E-10,1E-10,8.86933679289874,10.4522412404308,9.52029127897973,7.06967352780681,5.10153802646206,8.06429367679616,1E-10,11.0137879088506,5.10153802646206,8.64745842645492,1E-10,1E-10,1E-10,11.1680452682241,1E-10,1E-10,14.6846573169655,9.30909734555287,12.5982851741466,6.65821148275179,6.08037341646402,1E-10,1E-10,7.06967352780681,5.10153802646206,PM3,2007-12-11,BK,0,0,,Test,Test-2,-1
PM3:20080121,4.44846050081629,8.90739144443871,1E-10,4.44846050081629,4.44846050081629,5.41503749927884,1E-10,13.8906917774068,1E-10,9.6305704990245,1E-10,6.39803107397315,10.4693026389046,6.39803107397315,1E-10,1E-10,1E-10,9.02744529241751,6.39803107397315,9.55266909751427,1E-10,1E-10,1E-10,11.5809651359773,1E-10,1E-10,14.039118968803,10.0260622965862,11.5105993544099,4.44846050081629,6.71653369426139,9.33725021706429,1E-10,5.41503749927884,1E-10,PM3,2008-01-21,BK,35,0,,Test,Test-2,-1
PM3:20071217,6.97727992349992,8.64745842645492,1E-10,1E-10,5.6724253419715,4.70043971814109,1E-10,14.1537103521517,6.97727992349992,1E-10,1E-10,6.24792751344359,9.45327063401062,10.6220518194564,1E-10,1E-10,1E-10,8.2336196767597,5.6724253419715,13.2550285698187,1E-10,1E-10,1E-10,11.9929383361658,1E-10,1E-10,14.8448038235481,13.0320457269308,16.1068900450922,4.70043971814109,8.10852445677817,7.4594316186373,1E-10,6.24792751344359,1E-10,PM3,2007-12-17,BK,6,0,,Test,Test-2,-1
PM3:20080128,4.84688328624424,10.5247593489239,4.84688328624424,1E-10,6.39803107397315,7.1281375662767,1E-10,14.5756377236396,6.39803107397315,10.320549863383,4.84688328624424,4.84688328624424,10.6547354664465,5.82159684463338,4.84688328624424,1E-10,1E-10,9.60506790749086,7.97154355395077,10.2233313703061,1E-10,4.84688328624424,1E-10,12.4327448702168,1E-10,7.1281375662767,14.8210486882279,11.0444700167223,12.714937120324,1E-10,7.80233684729098,9.96722625883599,1E-10,6.80878545766405,1E-10,PM3,2008-01-28,BK,42,0,,Test,Test-2,-1
PM3:20080204,1E-10,7.49575255183361,1E-10,1E-10,1E-10,4.73557772004196,1E-10,13.9888098394347,1E-10,8.2700257226389,1E-10,1E-10,10.0740385123803,5.70824384115435,1E-10,1E-10,1E-10,7.68739811636223,5.70824384115435,10.0393057378159,1E-10,1E-10,1E-10,11.4622531896398,1E-10,4.73557772004196,14.6007929851719,10.539332822968,12.3172893978706,1E-10,7.49575255183361,7.68739811636223,1E-10,6.28397874066005,1E-10,PM3,2008-02-04,BK,49,0,,Test,Test-2,-1
PM3:20080211,5.35755200461808,10.0237543532994,1E-10,5.35755200461808,6.33985000288462,6.33985000288462,5.35755200461808,14.3021390913053,6.33985000288462,10.1305705628054,5.35755200461808,1E-10,11.2051823262286,7.33091687811462,5.35755200461808,1E-10,5.35755200461808,10.1305705628054,7.33091687811462,10.5323559252888,1E-10,6.91886323727459,1E-10,12.7733452912913,1E-10,6.33985000288462,14.9837507195969,10.1305705628054,12.4202234193486,1E-10,7.91288933622996,10.3674147512468,1E-10,1E-10,1E-10,PM3,2008-02-11,BK,56,0,,Test,Test-2,-1
PM3:20080218,5.90264112260716,8.68917580582325,1E-10,1E-10,4.9265576290646,6.89053252736262,1E-10,12.606473255043,5.90264112260716,9.27297276932073,1E-10,5.90264112260716,10.2014753082054,6.47954252899669,1E-10,1E-10,1E-10,8.46736580017951,4.9265576290646,8.68917580582325,4.9265576290646,5.90264112260716,1E-10,11.1268942287315,1E-10,1E-10,14.0230663473005,9.73799288334762,13.3703107878392,1E-10,6.89053252736262,8.58252943836606,1E-10,1E-10,1E-10,PM3,2008-02-18,BK,63,0,,Test,Test-2,-1
PM3:20080225,6.65821148275179,9.45327063401062,1E-10,5.10153802646206,7.06967352780681,6.08037341646402,1E-10,13.9262651042688,1E-10,9.30909734555287,1E-10,5.10153802646206,8.76265886784698,5.10153802646206,1E-10,1E-10,1E-10,8.64745842645492,5.10153802646206,8.38514338989103,5.10153802646206,1E-10,1E-10,11.7458143574932,1E-10,1E-10,15.1236768648636,10.1476289352439,14.4640989868414,1E-10,6.08037341646402,9.58433619507169,1E-10,7.06967352780681,1E-10,PM3,2008-02-25,BK,70,0,,Test,Test-2,-1
PM3:20080303,7.5405944715319,8.53671490481935,1E-10,5.24933296415473,1E-10,7.22060225478229,1E-10,13.1768368698119,5.24933296415473,9.12038189481559,1E-10,1E-10,9.12038189481559,5.24933296415473,1E-10,1E-10,1E-10,7.80233684729098,1E-10,9.85631024214306,5.24933296415473,5.24933296415473,1E-10,11.1184364448465,1E-10,5.24933296415473,14.9624860297038,11.1657212265454,14.0501856177964,1E-10,8.02380568106037,6.80878545766404,1E-10,6.80878545766404,1E-10,PM3,2008-03-03,BK,77,0,,Test,Test-2,-1
PM4:20080107,7.47143613989636,9.73799288334762,1E-10,5.90264112260716,5.90264112260716,4.9265576290646,4.9265576290646,13.1405760572359,7.88443990479513,1E-10,1E-10,1E-10,11.008305027824,4.9265576290646,5.90264112260716,1E-10,1E-10,9.12882831450672,4.9265576290646,9.96722625883599,1E-10,1E-10,4.9265576290646,11.7856207447179,1E-10,4.9265576290646,13.8699396548965,10.8790876716409,13.8238647725686,1E-10,7.88443990479513,8.58252943836606,1E-10,1E-10,1E-10,PM4,2008-01-07,BK,21,0,,Test,Train-2,-1
PM4:20080108,4.47745687525317,8.00179745242017,1E-10,4.47745687525317,1E-10,5.44470653534577,1E-10,12.5662514405505,5.44470653534577,4.47745687525317,1E-10,5.44470653534577,9.66090622980687,1E-10,1E-10,1E-10,1E-10,8.50264139815133,6.74662151962079,9.90455455778991,5.44470653534577,1E-10,1E-10,11.1260865839427,1E-10,1E-10,14.3885426234349,9.90455455778991,13.5354382570205,1E-10,7.22820464705572,8.00179745242017,1E-10,1E-10,1E-10,PM4,2008-01-08,BK,22,0,,Test,Train-2,-1
PM4:20080114,6.47954252899669,10.494031994085,1E-10,1E-10,6.47954252899669,4.9265576290646,4.9265576290646,14.4272088398786,1E-10,9.58064653028756,1E-10,1E-10,10.5797041539041,4.9265576290646,1E-10,1E-10,6.47954252899669,8.96866679319521,7.21002665991064,7.69266677837497,1E-10,4.9265576290646,1E-10,11.9230871181885,1E-10,1E-10,14.9458015179187,11.3051564532033,1E-10,1E-10,8.05368635718718,9.58064653028756,1E-10,1E-10,1E-10,PM4,2008-01-14,BK,28,0,,Test,Train-2,-1
PM4:20080121,6.43819778419808,8.7467542305164,1E-10,1E-10,5.86153006220864,6.84906994122018,1E-10,14.4346189203771,1E-10,10.0473186998063,1E-10,1E-10,10.8596457074638,4.88613203544172,4.88613203544172,1E-10,1E-10,9.00922878572997,5.86153006220864,9.16095187237319,1E-10,4.88613203544172,1E-10,12.4588093807848,1E-10,1E-10,14.5610748055675,10.3294760240451,10.2300204357056,1E-10,7.16849304594918,8.83965371638404,1E-10,4.88613203544172,1E-10,PM4,2008-01-21,BK,35,0,,Test,Train-2,-1
PM4:20071217,7.51426574766806,7.8346146946342,5.53774786230032,1E-10,5.53774786230032,1E-10,1E-10,13.0379056800754,8.09659537408738,1E-10,1E-10,1E-10,9.31597290086668,10.8994255883543,1E-10,1E-10,1E-10,6.52213566326572,1E-10,12.1213863441079,1E-10,1E-10,1E-10,10.8994255883543,1E-10,1E-10,13.9073260024786,11.9985583780465,15.5287509972794,1E-10,1E-10,6.52213566326572,1E-10,5.53774786230032,1E-10,PM4,2007-12-17,BK,6,0,,Test,Train-2,-1
PM4:20080128,6.43819778419808,10.7442331900697,4.88613203544172,1E-10,4.88613203544172,7.16849304594918,1E-10,14.7776002407185,1E-10,10.0078282079504,1E-10,1E-10,10.7442331900697,6.43819778419808,6.43819778419808,1E-10,1E-10,9.36225696054661,5.86153006220864,9.79232550852356,4.88613203544172,5.86153006220864,1E-10,12.5371837266207,1E-10,1E-10,15.311256698225,10.8372900259112,11.495212607691,1E-10,7.42985503869742,9.92544847233589,1E-10,7.84279929161749,1E-10,PM4,2008-01-28,BK,42,0,,Test,Train-2,-1
PM4:20080204,7.60398520947315,8.82213390375322,1E-10,1E-10,5.05563230698123,5.05563230698123,1E-10,14.1588717745679,1E-10,8.9214570629178,1E-10,1E-10,10.2981364952128,6.03377821390928,1E-10,1E-10,1E-10,8.33798150593288,6.61138182639745,8.60027263146724,5.05563230698123,6.03377821390928,1E-10,11.8574668732143,1E-10,1E-10,14.8302196786427,9.91996858505066,10.5361218538788,1E-10,7.0227257574642,9.01438049153856,1E-10,5.05563230698123,1E-10,PM4,2008-02-04,BK,49,0,,Test,Train-2,-1
PM4:20080211,7.23840473932508,10.1686721181322,1E-10,1E-10,1E-10,5.6724253419715,5.6724253419715,15.0638584894906,1E-10,9.73301532168596,1E-10,1E-10,11.5750664645787,6.65821148275179,1E-10,1E-10,5.6724253419715,9.73301532168596,7.23840473932508,9.10590850857116,6.65821148275179,6.65821148275179,1E-10,12.4385319777616,1E-10,6.65821148275179,15.6731710278671,11.1363503414542,12.1987519651937,1E-10,6.65821148275179,9.55266909751427,1E-10,5.6724253419715,1E-10,PM4,2008-02-11,BK,56,0,,Test,Train-2,-1
PM4:20080218,7.81691833850569,8.67653281545511,1E-10,1E-10,4.42008911846206,5.95941059089454,1E-10,13.5060165654212,5.38599442489604,9.16095187237319,4.42008911846206,1E-10,10.0248852358288,1E-10,4.42008911846206,1E-10,5.38599442489604,8.81371576138683,6.36864008356125,7.68005447795073,5.38599442489604,1E-10,1E-10,11.1718788607886,1E-10,1E-10,14.7009627011458,10.1596911688055,11.3403156503353,1E-10,4.42008911846206,7.81691833850569,1E-10,1E-10,1E-10,PM4,2008-02-18,BK,63,0,,Test,Train-2,-1
PM4:20080225,1E-10,9.87985349313533,1E-10,1E-10,5.90264112260716,5.90264112260716,1E-10,14.4764372346126,5.90264112260716,9.8340991974038,1E-10,1E-10,11.008305027824,6.47954252899669,1E-10,1E-10,4.9265576290646,9.27297276932073,7.21002665991064,8.58252943836606,1E-10,5.90264112260716,1E-10,12.2005560784266,1E-10,1E-10,14.8670544085409,10.5797041539041,11.8673923118106,1E-10,6.47954252899669,9.46532631576892,1E-10,4.9265576290646,1E-10,PM4,2008-02-25,BK,70,0,,Test,Train-2,-1
PM4:20080303,9.64565843240871,8.18937533108847,1E-10,1E-10,4.26166757006989,5.22356296504439,1E-10,13.7486788766382,4.26166757006989,9.54391060144881,4.26166757006989,1E-10,10.394949811825,4.26166757006989,1E-10,1E-10,1E-10,8.51031463217721,5.22356296504439,9.80075285868888,1E-10,4.26166757006989,1E-10,11.1737339118506,1E-10,1E-10,14.3176374391785,11.0430894405942,12.8676122032827,1E-10,6.78255153105703,9.04513912068711,1E-10,6.20412648557998,1E-10,PM4,2008-03-03,BK,77,0,,Test,Train-2,-1
PM5:20080107,5.93073733756289,9.32418054661874,4.39231742277876,1E-10,5.35755200461808,6.33985000288462,1E-10,12.7692179961265,7.33091687811462,1E-10,1E-10,8.02790599656988,9.74986942739684,4.39231742277876,1E-10,1E-10,1E-10,8.84862294042934,6.33985000288462,10.3674147512468,1E-10,4.39231742277876,1E-10,11.1554507313121,1E-10,1E-10,13.2557662571288,10.4314976042581,13.5794338000073,1E-10,8.13442632022093,8.02790599656988,1E-10,1E-10,1E-10,PM5,2008-01-07,BK,21,1,True,Train,Train-1,1
PM5:20080108,7.95056646225581,7.67170771074077,1E-10,3.95352168094232,5.88193410829554,6.45871864850127,6.19896099181131,11.5512276035983,5.47502847368832,1E-10,1E-10,9.2172377419508,10.5724530909232,5.47502847368832,4.90619347308184,1E-10,1E-10,12.2238836650152,7.95056646225581,8.90466734214808,1E-10,6.19896099181131,1E-10,12.9685754976629,7.77077160361482,1E-10,13.8921536833916,9.38298420509155,5.47502847368832,1E-10,8.50509237112442,6.86964971769,1E-10,1E-10,1E-10,PM5,2008-01-08,Western,22,1,True,Train,Train-1,1
PM5:20080114,5.35755200461808,5.35755200461808,1E-10,6.33985000288463,6.33985000288463,1E-10,5.35755200461808,10.8462739113499,5.35755200461808,1E-10,1E-10,1E-10,9.02513956227851,1E-10,1E-10,5.35755200461808,14.2674450883881,14.5068654079011,9.64565843240871,1E-10,1E-10,7.65105169117893,1E-10,13.9837952451603,9.32418054661874,1E-10,14.8823086996679,9.71596199025515,1E-10,1E-10,8.78463484555752,1E-10,1E-10,1E-10,1E-10,PM5,2008-01-14,Western,28,1,True,Train,Train-1,1
PM5:20071211,6.56605403817109,4.05528243550119,1E-10,1E-10,6.56605403817109,1E-10,1E-10,12.1559250160266,1E-10,1E-10,9.52233632091331,9.09770296352466,8.140829770773,6.56605403817109,1E-10,9.17773096703327,1E-10,9.87421293483087,4.05528243550119,1E-10,1E-10,1E-10,1E-10,11.4009461273739,1E-10,1E-10,13.2397290401117,10.6809088914199,10.1958335499556,5.98868468677217,5.01122725542325,1E-10,1E-10,7.43358544115049,7.14593214582052,PM5,2007-12-11,BK,0,1,True,Train,Train-1,1
PM5:20080121,1E-10,6.80878545766404,4.53743413063857,4.53743413063857,6.49007089098767,5.50603203149944,1E-10,10.2030760529241,6.49007089098767,1E-10,1E-10,1E-10,9.93483753653966,1E-10,1E-10,1E-10,12.9937443275434,12.8877494897717,8.86933679289874,1E-10,1E-10,6.80878545766404,1E-10,12.5185712006621,7.48202360928113,1E-10,13.6883596000723,9.60506790749086,1E-10,1E-10,8.38514338989103,1E-10,1E-10,1E-10,1E-10,PM5,2008-01-21,Western,35,1,True,Train,Train-1,1
PM5:20071217,5.82159684463338,7.38945208908437,1E-10,1E-10,5.82159684463338,6.80878545766405,1E-10,14.0102658374342,8.79910170070846,1E-10,1E-10,6.80878545766405,8.60691923095986,10.6041413541092,1E-10,1E-10,1E-10,8.38514338989103,5.82159684463338,12.9457892679708,1E-10,5.82159684463338,1E-10,12.0056635319962,1E-10,1E-10,14.3543488768354,13.3734240656386,15.7369333069286,1E-10,5.82159684463338,1E-10,1E-10,1E-10,1E-10,PM5,2007-12-17,BK,6,1,True,Train,Train-1,1
PM5:20080128,7.29691620687929,9.24118871407905,3.51306958223937,1E-10,1E-10,3.51306958223937,1E-10,12.3726157040142,8.08657856599073,1E-10,1E-10,1E-10,8.96866679319521,1E-10,1E-10,3.51306958223937,11.6758835441589,12.3029482571363,8.33947889161804,1E-10,1E-10,3.51306958223937,1E-10,12.0781230034457,7.47640869193865,1E-10,13.2938547838931,10.6201434419183,1E-10,1E-10,8.1931146288142,1E-10,5.98868468677217,1E-10,1E-10,PM5,2008-01-28,Western,42,1,True,Train,Train-1,1
PM5:20080204,6.35897782753851,9.40232071898601,1E-10,1E-10,1E-10,5.78277689933694,1E-10,12.9853275309458,7.35016272018377,1E-10,4.80874681318428,1E-10,9.56559100104828,4.80874681318428,1E-10,1E-10,12.1142083730166,12.3490645086352,8.46087093693569,4.80874681318428,1E-10,7.57129143204884,4.80874681318428,12.9264412548084,7.08889565002924,1E-10,14.3766185697779,11.6875057289213,7.08889565002924,1E-10,10.1499187279504,1E-10,7.08889565002924,1E-10,1E-10,PM5,2008-02-04,Western,49,1,True,Train,Train-1,1
PM5:20080211,7.60398520947315,6.61138182639745,1E-10,1E-10,5.05563230698123,6.03377821390928,6.03377821390928,11.1619648654069,7.60398520947315,1E-10,1E-10,1E-10,10.4388924367153,1E-10,1E-10,1E-10,12.8944205177437,13.1202744637882,10.0573367164488,1E-10,5.05563230698123,1E-10,1E-10,12.8062052839765,8.01716761397506,1E-10,14.2380748288153,9.96722625883599,6.03377821390928,1E-10,8.9214570629178,1E-10,1E-10,1E-10,1E-10,PM5,2008-02-11,Western,56,1,True,Train,Train-1,1
PM5:20080218,7.38945208908437,9.55266909751427,4.84688328624424,1E-10,4.84688328624424,5.82159684463338,1E-10,13.2180754613346,7.80233684729098,1E-10,1E-10,1E-10,10.5247593489239,1E-10,5.82159684463338,1E-10,13.0486949909375,13.0103532655493,9.04651773771818,1E-10,1E-10,5.82159684463338,1E-10,13.3195623655845,7.97154355395077,1E-10,14.6523408377493,11.796264984151,1E-10,4.84688328624424,9.38298420509155,1E-10,6.80878545766405,1E-10,1E-10,PM5,2008-02-18,Western,63,1,True,Train,Train-1,1
PM5:20080225,1E-10,9.57175264350355,6.33985000288462,1E-10,6.33985000288462,5.35755200461808,6.91886323727459,13.3719127412241,5.35755200461808,1E-10,1E-10,1E-10,11.1554507313121,1E-10,1E-10,1E-10,13.936729944681,13.3773461156563,9.78299820892041,1E-10,5.35755200461808,6.33985000288462,1E-10,13.8298218178814,7.33091687811462,1E-10,14.9694314924319,11.2294196882304,1E-10,5.35755200461808,8.49585502688717,1E-10,8.3264294871223,1E-10,1E-10,PM5,2008-02-25,Western,70,1,True,Train,Train-1,1
PM5:20080303,7.87677816239785,8.45969320548173,1E-10,1E-10,1E-10,4.47745687525317,4.47745687525317,11.7996174774671,8.27384518743985,3.54080817111492,1E-10,1E-10,8.27384518743985,1E-10,1E-10,1E-10,11.048501366667,11.0771992415261,7.80995622342921,5.0406686297714,1E-10,3.54080817111492,1E-10,11.862793959463,8.22338557666238,1E-10,13.2552640429228,9.80512639756696,9.02867024489287,1E-10,6.23779476325755,4.47745687525317,5.75999439259656,1E-10,1E-10,PM5,2008-03-03,Western,77,1,True,Train,Train-1,1
PM6:20080107,4.63282213949975,9.43353576584565,1E-10,1E-10,4.63282213949975,6.17848701494574,1E-10,13.6794853357584,7.38945208908437,6.90746298007978,1E-10,9.16095187237319,10.4571365491245,7.16849304594918,4.63282213949975,1E-10,1E-10,9.09966090206025,6.58853618360098,11.0004360165915,1E-10,4.63282213949975,1E-10,12.294853193538,1E-10,1E-10,14.17159754469,11.6400081694885,14.29634609919,1E-10,8.57724897451175,8.03839646301318,1E-10,5.60344972809904,1E-10,PM6,2008-01-07,BK,21,1,True,Validation,Test-1,1
PM6:20080108,9.56330221640925,8.64745842645492,4.53743413063857,4.53743413063857,8.79910170070846,7.48202360928113,4.53743413063857,12.8316811100962,7.06967352780681,7.29053089486732,1E-10,9.17686572030839,11.2294196882304,5.50603203149944,5.50603203149944,1E-10,1E-10,12.7824750029176,9.28360286623947,10.4972974446602,4.53743413063857,6.49007089098767,5.50603203149944,13.7524851858842,8.17935622737514,5.50603203149944,14.5521420515024,10.1756188526677,5.50603203149944,1E-10,10.0299006829319,7.06967352780681,1E-10,1E-10,1E-10,PM6,2008-01-08,Western,22,1,True,Validation,Test-1,1
PM6:20080114,7.91288933622996,8.13442632022093,1E-10,6.33985000288462,6.33985000288462,5.35755200461808,6.91886323727459,10.6082548219779,1E-10,1E-10,1E-10,1E-10,10.4522412404308,5.35755200461808,6.33985000288462,1E-10,13.7896355266159,14.514282561675,10.0237543532994,1E-10,1E-10,6.91886323727459,1E-10,13.7814621740226,7.33091687811462,1E-10,14.8198298166967,10.0781508077346,5.35755200461808,1E-10,8.90989308377004,1E-10,1E-10,1E-10,1E-10,PM6,2008-01-14,Western,28,1,True,Validation,Test-1,1
PM6:20080121,7.23840473932508,1E-10,1E-10,7.23840473932508,1E-10,6.65821148275179,1E-10,10.5517082616207,7.23840473932508,1E-10,1E-10,1E-10,11.8340759534349,1E-10,5.6724253419715,1E-10,12.5389164024641,14.5387345692479,10.6447575925163,1E-10,5.6724253419715,6.65821148275179,1E-10,14.2475567074064,7.65105169117893,1E-10,14.9970471337126,9.89330153086056,5.6724253419715,1E-10,10.2888660741658,1E-10,1E-10,1E-10,1E-10,PM6,2008-01-21,Western,35,1,True,Validation,Test-1,1
PM6:20071217,9.47477330556637,7.72469334861516,1E-10,1E-10,4.7716632149143,1E-10,4.7716632149143,12.5190024906057,7.31192752807004,1E-10,1E-10,1E-10,7.89386032822742,9.88930381426771,1E-10,1E-10,1E-10,6.3209786410585,1E-10,11.288289342181,1E-10,1E-10,1E-10,10.5002129116817,1E-10,1E-10,13.3582391004261,11.5127664486468,15.0599736746638,1E-10,5.74501082272223,7.53302228530608,1E-10,4.7716632149143,1E-10,PM6,2007-12-17,BK,6,1,True,Validation,Test-1,1
PM6:20080128,5.30237529746596,9.1747336687863,6.28397874066005,1E-10,6.28397874066005,6.86275655407564,7.27469173878025,12.4847648104647,7.85654523945337,1E-10,1E-10,1E-10,10.1246184328985,1E-10,5.30237529746596,1E-10,13.7652940688641,13.9484304126958,9.26768704321517,1E-10,1E-10,1E-10,1E-10,13.6833067558084,7.59475523773956,1E-10,14.7850319220982,10.851088315487,1E-10,5.30237529746596,9.58914694693971,1E-10,1E-10,5.30237529746596,1E-10,PM6,2008-01-28,Western,42,1,True,Validation,Test-1,1
PM6:20080204,6.4964258261195,8.07069599067093,4.23703919730085,1E-10,1E-10,1E-10,5.19826962713627,11.4627213551379,7.62518697833065,1E-10,1E-10,1E-10,9.06801047858417,1E-10,4.23703919730085,1E-10,11.3781400021533,13.1472730778601,9.11522948065606,1E-10,1E-10,5.77007390597814,1E-10,12.713233067757,8.07069599067093,1E-10,13.9134103697496,10.3493602221671,5.19826962713627,1E-10,9.01919356523331,1E-10,1E-10,4.23703919730085,1E-10,PM6,2008-02-04,Western,49,1,True,Validation,Test-1,1
PM6:20080211,9.8654520985568,7.8346146946342,4.56847437793259,1E-10,1E-10,1E-10,4.56847437793259,12.3139909467793,7.32274757519391,1E-10,1E-10,1E-10,9.71752064969898,1E-10,4.56847437793259,4.56847437793259,11.7451777320721,11.6257503469278,7.8346146946342,1E-10,1E-10,5.53774786230032,1E-10,12.9116813694638,6.11232102486625,1E-10,13.8033697892183,11.1651925127251,7.10185632652753,1E-10,8.67979995208206,1E-10,1E-10,5.53774786230032,1E-10,PM6,2008-02-11,Western,56,1,True,Validation,Test-1,1
PM6:20080218,4.88613203544172,9.92544847233589,1E-10,1E-10,4.88613203544172,5.86153006220864,1E-10,13.1495430014539,6.43819778419808,1E-10,1E-10,1E-10,10.481366990725,1E-10,1E-10,1E-10,12.6696127312291,12.6246322901331,8.012025868807,1E-10,4.88613203544172,7.42985503869742,1E-10,13.2116927823924,8.012025868807,1E-10,14.5947827888019,11.3128019391372,5.86153006220864,1E-10,9.29822625921983,1E-10,1E-10,4.88613203544172,1E-10,PM6,2008-02-18,Western,63,1,True,Validation,Test-1,1
PM6:20080225,1E-10,8.9389794408626,1E-10,4.42008911846206,1E-10,5.95941059089454,5.95941059089454,11.8750205414184,5.95941059089454,1E-10,1E-10,1E-10,9.39760915461449,1E-10,1E-10,1E-10,13.1094609071383,12.5361926910357,8.16346997930501,1E-10,1E-10,4.42008911846206,1E-10,12.8229487737522,7.16849304594918,1E-10,14.0359089539851,10.3521785813126,1E-10,1E-10,8.44268965665728,1E-10,1E-10,1E-10,1E-10,PM6,2008-02-25,Western,70,1,True,Validation,Test-1,1
PM6:20080303,11.0867420055083,8.76746481199911,1E-10,1E-10,1E-10,1E-10,4.50710518018993,12.8894956969314,7.77077160361482,1E-10,1E-10,5.47502847368832,9.57340021410559,1E-10,1E-10,4.50710518018993,11.7464230407896,13.1872108523847,7.90767445601405,1E-10,4.50710518018993,5.47502847368832,1E-10,13.1428215667053,9.302489923525,1E-10,14.3416487409247,10.8180611043936,4.50710518018993,4.50710518018993,8.3535304189704,1E-10,4.50710518018993,1E-10,1E-10,PM6,2008-03-03,Western,77,1,True,Validation,Test-1,1
PM7:20080114,6.45871864850127,1E-10,1E-10,5.47502847368832,5.47502847368832,6.45871864850127,1E-10,13.1358695766485,7.03820330757069,1E-10,1E-10,11.1977241811651,10.9024078862514,5.47502847368832,5.47502847368832,1E-10,1E-10,9.76580856953812,7.45049406656862,1E-10,5.47502847368832,8.61582951436224,1E-10,12.6223602417548,1E-10,1E-10,15.1921302943791,11.8855471761847,15.415235131195,1E-10,8.25430976377616,1E-10,1E-10,1E-10,1E-10,PM7,2008-01-14,BK,28,0,,Test,Test-2,-1
PM7:20071211,1E-10,6.52213566326572,1E-10,1E-10,1E-10,1E-10,1E-10,10.7551151822777,7.51426574766806,7.51426574766806,11.864291683252,10.829074025057,1E-10,1E-10,1E-10,11.3142742498329,6.52213566326572,7.51426574766806,1E-10,6.52213566326572,1E-10,1E-10,1E-10,11.8286774475065,1E-10,1E-10,15.9368282169932,10.5947487139437,14.3706069191377,1E-10,1E-10,1E-10,1E-10,6.52213566326572,6.52213566326572,PM7,2007-12-11,BK,0,0,,Test,Test-2,-1
PM7:20080121,4.66620234868133,1E-10,1E-10,1E-10,1E-10,1E-10,1E-10,12.3499756441606,6.21277809641271,1E-10,1E-10,10.0019573610222,9.65441772613209,1E-10,5.63750846241464,1E-10,1E-10,8.93311487243887,6.21277809641271,1E-10,1E-10,5.63750846241464,1E-10,11.3230410258173,1E-10,1E-10,14.4490747065555,10.0690076022047,14.1061659272573,1E-10,7.61560720997165,5.63750846241464,1E-10,1E-10,1E-10,PM7,2008-01-21,BK,35,0,,Test,Test-2,-1
PM7:20071217,6.86275655407564,5.30237529746596,1E-10,1E-10,1E-10,5.30237529746596,1E-10,13.941393308213,7.59475523773956,1E-10,7.59475523773956,7.27469173878025,9.07537629453193,1E-10,1E-10,6.28397874066005,1E-10,10.2207503720635,5.30237529746596,1E-10,1E-10,5.30237529746596,1E-10,12.4355300310546,1E-10,1E-10,13.9519361346934,12.1604775060804,15.2166671699511,6.28397874066005,7.85654523945337,1E-10,1E-10,5.30237529746596,1E-10,PM7,2007-12-17,BK,6,0,,Test,Test-2,-1
PM7:20080128,6.80878545766405,4.84688328624424,1E-10,6.39803107397315,1E-10,7.1281375662767,4.84688328624424,12.9355947976988,7.38945208908437,1E-10,1E-10,8.79910170070846,11.3813626931671,6.80878545766405,4.84688328624424,1E-10,1E-10,9.60506790749086,7.1281375662767,1E-10,1E-10,5.82159684463338,1E-10,12.4034559160867,1E-10,1E-10,14.3676801734947,11.1363503414542,15.1223292191687,1E-10,7.61061476602965,8.79910170070846,1E-10,6.80878545766405,1E-10,PM7,2008-01-28,BK,42,0,,Test,Test-2,-1
PM7:20080204,9.17977816800923,1E-10,1E-10,5.74501082272223,6.73149768188789,5.74501082272223,1E-10,13.4044903563714,6.73149768188789,1E-10,1E-10,9.71956895517142,10.8061255992222,5.74501082272223,1E-10,1E-10,5.74501082272223,8.89082425181459,8.30738058795774,1E-10,1E-10,5.74501082272223,1E-10,12.7180709053713,1E-10,1E-10,15.416594423419,11.7843550261516,15.7263120058648,1E-10,9.71956895517142,6.73149768188789,1E-10,6.73149768188789,1E-10,PM7,2008-02-04,BK,49,0,,Test,Test-2,-1
PM7:20080211,6.80878545766405,6.39803107397315,1E-10,4.84688328624424,5.82159684463338,4.84688328624424,1E-10,13.0998043796983,6.39803107397315,8.88637401310802,1E-10,7.61061476602965,9.75173000934274,5.82159684463338,1E-10,1E-10,5.82159684463338,7.80233684729098,6.39803107397315,1E-10,1E-10,7.61061476602965,1E-10,11.7504743797654,1E-10,1E-10,14.0102658374342,9.92662545243061,14.4541350430316,1E-10,7.80233684729098,8.96866679319521,1E-10,4.84688328624424,1E-10,PM7,2008-02-11,BK,56,0,,Test,Test-2,-1
PM7:20080218,1E-10,6.86275655407564,1E-10,1E-10,7.27469173878025,1E-10,1E-10,13.1047121447569,1E-10,8.96866679319521,1E-10,1E-10,10.9385052126674,5.30237529746596,1E-10,1E-10,5.30237529746596,8.85342952505498,7.59475523773956,1E-10,1E-10,6.28397874066005,1E-10,12.1725477121967,1E-10,1E-10,15.1249197291643,10.7256284349971,14.9466286658471,1E-10,5.30237529746596,8.2700257226389,1E-10,5.30237529746596,1E-10,PM7,2008-02-18,BK,63,0,,Test,Test-2,-1
PM7:20080225,6.97727992349992,6.39803107397315,1E-10,1E-10,5.41503749927884,6.97727992349992,1E-10,13.786065381164,6.39803107397315,9.38298420509155,1E-10,6.39803107397315,11.1093953865003,7.70965824817047,6.39803107397315,1E-10,1E-10,9.6305704990245,6.39803107397315,1E-10,1E-10,5.41503749927884,1E-10,12.2759304816177,1E-10,1E-10,15.0462003417287,11.2143191208008,15.4388459872735,1E-10,8.38514338989103,9.19064778003838,1E-10,5.41503749927884,1E-10,PM7,2008-02-25,BK,70,0,,Test,Test-2,-1
PM7:20080303,9.13827180017222,8.96866679319521,1E-10,5.01122725542325,5.98868468677217,6.56605403817109,5.01122725542325,13.2513344646589,7.29691620687929,8.96866679319521,1E-10,1E-10,9.7223806351638,1E-10,1E-10,5.01122725542325,11.6804694138318,11.8488185203172,7.29691620687929,5.01122725542325,1E-10,5.01122725542325,1E-10,12.2514824106202,6.56605403817109,1E-10,14.6078937564597,11.9885071789232,14.4067198769903,1E-10,7.29691620687929,7.7797193551434,6.97727992349992,1E-10,1E-10,PM7,2008-03-03,BK,77,0,,Test,Test-2,-1
PM8:20080107,3.78873924389026,7.85654523945337,1E-10,1E-10,5.30237529746596,1E-10,1E-10,11.8656440586549,4.73557772004196,8.72818216795002,1E-10,7.38945208908437,9.20638825913625,4.73557772004196,1E-10,1E-10,1E-10,7.59475523773956,6.28397874066005,9.76949881474303,1E-10,5.30237529746596,1E-10,10.8709771737514,1E-10,1E-10,12.9820565860734,9.70448007496718,12.9284946499598,1E-10,7.68739811636223,7.77444919190855,1E-10,1E-10,1E-10,PM8,2008-01-07,BK,21,1,True,Train,Train-1,1
PM8:20080108,7.21002665991064,8.40614246580678,1E-10,3.97323309043721,6.89053252736262,6.47954252899669,3.97323309043721,11.6403246938054,7.05910583449045,8.58252943836606,1E-10,7.97154355395077,10.9343413089302,3.97323309043721,1E-10,1E-10,1E-10,12.3502729785592,8.13140306881933,9.23826422848582,1E-10,5.90264112260716,1E-10,12.8210353318484,7.58628789818772,1E-10,14.1036108356404,10.2014753082054,6.89053252736262,3.97323309043721,9.85715772177245,6.47954252899669,1E-10,1E-10,1E-10,PM8,2008-01-08,Western,22,1,True,Train,Train-1,1
PM8:20080114,6.17848701494574,6.90746298007978,4.63282213949975,6.17848701494574,1E-10,1E-10,7.38945208908437,11.288289342181,1E-10,1E-10,1E-10,6.17848701494574,9.09966090206025,1E-10,4.63282213949975,1E-10,10.3559278493699,13.1510543021204,9.57535915757691,1E-10,5.60344972809904,4.63282213949975,1E-10,13.1282168566668,8.27856008161822,1E-10,14.6014308967414,9.61969597109328,10.4074195230458,1E-10,8.03839646301318,1E-10,6.90746298007978,1E-10,1E-10,PM8,2008-01-14,Western,28,1,True,Train,Train-1,1
PM8:20071211,4.9265576290646,6.89053252736262,1E-10,1E-10,1E-10,1E-10,1E-10,12.370447023071,6.47954252899669,1E-10,7.47143613989636,10.2718062897111,9.96722625883599,4.9265576290646,4.9265576290646,1E-10,1E-10,10.433953569512,1E-10,9.8340991974038,1E-10,1E-10,1E-10,10.7860293346649,1E-10,1E-10,14.3151037653876,9.12882831450672,13.1822574099203,4.9265576290646,7.69266677837497,1E-10,1E-10,8.05368635718718,4.9265576290646,PM8,2007-12-11,BK,0,1,True,Train,Train-1,1
PM8:20080121,5.19826962713627,7.33730332077428,1E-10,6.4964258261195,4.23703919730085,1E-10,5.19826962713627,10.9920278950622,6.75679456792813,1E-10,1E-10,1E-10,8.48439135877634,1E-10,4.23703919730085,1E-10,12.406622611186,12.5029738365592,9.06801047858417,1E-10,1E-10,1E-10,1E-10,12.6505068607097,8.55458885167764,1E-10,13.6762089660675,9.33059681265775,6.17848701494574,1E-10,8.55458885167764,1E-10,6.75679456792813,1E-10,1E-10,PM8,2008-01-21,Western,35,1,True,Train,Train-1,1
PM8:20071217,7.5810211980216,6.58853618360098,5.60344972809904,1E-10,1E-10,5.60344972809904,1E-10,14.702803978878,7.5810211980216,1E-10,1E-10,1E-10,8.7467542305164,9.38298420509155,1E-10,1E-10,1E-10,5.60344972809904,1E-10,12.5849289555246,1E-10,1E-10,1E-10,11.5963007011094,1E-10,1E-10,14.0452274162748,11.4319701175704,14.6872637138922,1E-10,8.38514338989103,1E-10,1E-10,5.60344972809904,1E-10,PM8,2007-12-17,BK,6,1,True,Train,Train-1,1
PM8:20080128,6.80878545766404,9.21332927853834,1E-10,5.24933296415473,6.23024287130343,1E-10,6.80878545766404,12.9858616976482,6.23024287130343,1E-10,1E-10,5.24933296415473,9.60506790749086,1E-10,1E-10,1E-10,12.6457501530646,13.7770535947559,9.60506790749086,1E-10,1E-10,1E-10,1E-10,13.3247795653991,6.23024287130343,5.24933296415473,14.6866849213689,10.8555318173262,12.018599455196,1E-10,8.53671490481935,1E-10,6.23024287130343,1E-10,1E-10,PM8,2008-01-28,Western,42,1,True,Train,Train-1,1
PM8:20080204,8.16346997930501,9.48237581802615,1E-10,6.84906994122018,4.88613203544172,4.88613203544172,6.43819778419808,13.1720479431258,8.64745842645492,1E-10,1E-10,1E-10,10.5379117039499,1E-10,4.88613203544172,4.88613203544172,10.7199998993708,13.7344525779658,8.30051599222201,1E-10,1E-10,5.86153006220864,4.88613203544172,13.2919723393296,6.43819778419808,5.86153006220864,14.5695759234666,11.4369345760777,8.64745842645492,1E-10,8.54081994547795,5.86153006220864,6.84906994122018,1E-10,1E-10,PM8,2008-02-04,Western,49,1,True,Train,Train-1,1
PM8:20080211,6.93324357104742,7.73553038260945,4.96823041950661,1E-10,5.94500038048628,5.94500038048628,6.93324357104742,11.1508435020056,6.93324357104742,1E-10,1E-10,1E-10,10.0102525902878,1E-10,1E-10,1E-10,13.6929885756254,13.2069449688414,8.92436265949348,1E-10,1E-10,7.25280876313845,1E-10,13.0405024830302,8.51031463217721,1E-10,14.3266018464013,8.09659537408738,4.96823041950661,1E-10,6.52213566326572,1E-10,7.92732904181831,1E-10,1E-10,PM8,2008-02-11,Western,56,1,True,Train,Train-1,1
PM8:20080218,7.99944739148178,10.4643054913649,4.36512161199068,6.31163702771494,6.62992798445971,4.36512161199068,4.36512161199068,13.3967805220771,6.89053252736262,1E-10,1E-10,1E-10,10.5611007183372,6.62992798445971,1E-10,1E-10,11.7116416708934,13.1421414782989,8.2979502196669,1E-10,4.36512161199068,4.36512161199068,1E-10,13.3649580598195,9.10333924047352,1E-10,14.7772260999387,12.3270627468496,4.36512161199068,1E-10,9.33998096054285,1E-10,7.88443990479513,1E-10,1E-10,PM8,2008-02-18,Western,63,1,True,Train,Train-1,1
PM8:20080225,7.0227257574642,9.47305105046093,1E-10,5.05563230698123,6.61138182639745,6.03377821390928,5.05563230698123,12.5353929726106,5.05563230698123,1E-10,1E-10,1E-10,10.3346337247836,1E-10,1E-10,1E-10,13.7897669761734,13.7995917146123,9.18399548007782,1E-10,1E-10,6.61138182639745,1E-10,13.4874470277111,9.47305105046093,1E-10,14.8365960232734,10.9895776207349,5.05563230698123,1E-10,8.60027263146724,1E-10,6.61138182639745,1E-10,1E-10,PM8,2008-02-25,Western,70,1,True,Train,Train-1,1
PM8:20080303,7.47143613989636,9.09042381509845,1E-10,3.97323309043721,3.97323309043721,3.97323309043721,1E-10,12.5720453458552,6.69962348330128,1E-10,1E-10,1E-10,8.58252943836606,1E-10,3.97323309043721,3.97323309043721,12.8210353318484,11.4562638096858,7.21002665991064,1E-10,1E-10,1E-10,1E-10,11.9393847562692,6.89053252736262,1E-10,13.3743123409959,11.5226680661315,7.47143613989636,1E-10,7.47143613989636,1E-10,4.92655762906459,1E-10,1E-10,PM8,2008-03-03,Western,77,1,True,Train,Train-1,1
PM9:20080107,6.65821148275179,7.87241837835138,1E-10,5.10153802646206,7.65105169117893,6.65821148275179,1E-10,14.3420515120763,7.65105169117893,1E-10,1E-10,1E-10,8.76265886784698,6.08037341646402,1E-10,5.10153802646206,1E-10,9.96722625883599,5.10153802646206,11.036860446673,5.10153802646206,5.10153802646206,1E-10,12.0017600283272,1E-10,1E-10,14.918475063329,11.7175336314554,12.5348702503816,1E-10,6.65821148275179,1E-10,1E-10,6.08037341646402,1E-10,PM9,2008-01-07,BK,21,1,True,Validation,Test-1,1
PM9:20080108,7.28699582892254,7.92112274445672,1E-10,5.1490462717664,7.11822509502103,7.11822509502103,4.18914291698645,13.4807945527429,8.0202615487417,1E-10,1E-10,4.18914291698645,9.53601269377625,1E-10,1E-10,1E-10,1E-10,11.7229399904565,7.81466533099705,7.69972201891019,1E-10,5.1490462717664,1E-10,12.7190420768849,7.81466533099705,4.18914291698645,13.7299612932968,10.8228455044414,6.92706271965215,5.1490462717664,8.86578659045043,6.44637032653567,1E-10,1E-10,1E-10,PM9,2008-01-08,Western,22,1,True,Validation,Test-1,1
PM9:20080114,6.35897782753851,8.08358713461578,1E-10,6.35897782753851,1E-10,4.80874681318428,6.76961450585156,11.0789261061237,5.78277689933694,1E-10,1E-10,4.80874681318428,8.92921841653616,4.80874681318428,6.76961450585156,1E-10,12.3859571084543,13.4110993973532,10.1151842808469,1E-10,1E-10,7.08889565002924,1E-10,13.5079988236568,9.56559100104828,1E-10,14.335716632333,10.2169752032464,6.76961450585156,1E-10,7.93217484173585,1E-10,1E-10,1E-10,1E-10,PM9,2008-01-14,Western,28,1,True,Validation,Test-1,1
PM9:20080121,9.03565009080561,7.38945208908437,1E-10,4.63282213949975,4.63282213949975,1E-10,6.17848701494574,11.5281517443047,6.58853618360098,1E-10,1E-10,1E-10,8.89842143966059,1E-10,1E-10,1E-10,13.0165844655928,12.8168408090282,9.57535915757691,1E-10,4.63282213949975,6.17848701494574,1E-10,13.1243752200632,9.21974474567288,1E-10,14.0573672640283,10.5967665768177,6.17848701494574,1E-10,8.48439135877634,1E-10,1E-10,6.58853618360098,1E-10,PM9,2008-01-21,Western,35,1,True,Validation,Test-1,1
PM9:20071217,7.23840473932508,1E-10,5.6724253419715,5.6724253419715,7.23840473932508,1E-10,1E-10,15.739279587007,8.64745842645492,1E-10,6.65821148275179,1E-10,11.199058823653,11.0707918094231,1E-10,1E-10,5.6724253419715,9.81538329581354,8.45532722030456,13.2439177557433,5.6724253419715,1E-10,1E-10,13.2289689634027,1E-10,5.6724253419715,15.0785261131974,12.5267437429997,11.1039434298916,1E-10,7.23840473932508,7.23840473932508,1E-10,5.6724253419715,1E-10,PM9,2007-12-17,BK,6,1,True,Validation,Test-1,1
PM9:20080128,6.49007089098767,9.7235661456426,1E-10,1E-10,1E-10,6.49007089098767,6.80878545766404,12.4108340878061,7.80233684729098,1E-10,1E-10,4.53743413063857,8.17935622737514,1E-10,4.53743413063857,4.53743413063857,12.3071059168435,13.6464712078018,10.0899653484535,4.53743413063857,1E-10,6.80878545766404,1E-10,13.2684932663652,7.80233684729098,1E-10,14.2877845124982,10.0299006829319,6.08037341646402,1E-10,9.06159620943339,1E-10,1E-10,1E-10,1E-10,PM9,2008-01-28,Western,42,1,True,Validation,Test-1,1
PM9:20080204,7.77598431696523,8.5805155415318,4.26166757006989,1E-10,1E-10,4.26166757006989,6.20412648557998,12.6522542513442,8.09659537408738,1E-10,1E-10,1E-10,7.77598431696523,1E-10,5.22356296504439,1E-10,12.1677317411032,12.5855387463903,7.36313921231287,1E-10,1E-10,6.20412648557998,5.22356296504439,12.506600607928,5.79559695118143,1E-10,13.8010744919198,10.8576276272465,6.20412648557998,1E-10,8.51031463217721,1E-10,1E-10,4.26166757006989,1E-10,PM9,2008-02-04,Western,49,1,True,Validation,Test-1,1
PM9:20080211,1E-10,1E-10,1E-10,1E-10,1E-10,1E-10,5.63750846241464,8.69917037321284,4.66620234868133,1E-10,1E-10,1E-10,8.69917037321284,4.66620234868133,1E-10,1E-10,13.1514226720044,12.8984400938231,8.41980606297165,1E-10,1E-10,5.63750846241464,1E-10,12.5971498239943,8.31321487638116,1E-10,14.0981625058661,7.20301966661848,5.63750846241464,1E-10,8.69917037321284,1E-10,1E-10,1E-10,1E-10,PM9,2008-02-11,Western,56,1,True,Validation,Test-1,1
PM9:20080218,9.13185696060879,10.9373738201921,6.33985000288463,5.35755200461808,5.35755200461808,1E-10,6.33985000288463,13.3773461156563,7.91288933622996,1E-10,1E-10,1E-10,10.7821791938312,1E-10,1E-10,5.35755200461808,12.6075614963542,12.5889488203147,5.35755200461808,1E-10,1E-10,5.35755200461808,1E-10,13.4095235306914,6.33985000288463,1E-10,14.4717387118961,12.4202234193486,1E-10,1E-10,7.91288933622996,1E-10,1E-10,6.33985000288463,1E-10,PM9,2008-02-18,Western,63,1,True,Validation,Test-1,1
PM9:20080225,7.77598431696523,9.80075285868888,1E-10,4.26166757006989,1E-10,4.26166757006989,6.52213566326572,13.1212244362101,6.52213566326572,1E-10,1E-10,1E-10,9.77103921356741,1E-10,1E-10,1E-10,13.7256276902432,11.8358709756155,8.43652227417487,1E-10,1E-10,5.22356296504439,4.26166757006989,12.6025090797297,8.35875108631134,1E-10,13.8587139574674,11.1623341050677,1E-10,1E-10,7.19430916006927,1E-10,1E-10,5.22356296504439,1E-10,PM9,2008-02-25,Western,70,1,True,Validation,Test-1,1
PM9:20080303,5.74501082272223,8.13802473835108,1E-10,1E-10,5.74501082272223,4.21286964721794,5.17343606436019,11.7699320661284,7.14313702602509,1E-10,1E-10,1E-10,8.13802473835108,1E-10,5.74501082272223,4.21286964721794,12.9941580121435,11.5257010960746,8.22518629189355,1E-10,1E-10,1E-10,1E-10,11.9146277247774,8.99370812449647,1E-10,13.3785824458741,10.2426100268402,4.21286964721794,1E-10,5.74501082272223,1E-10,1E-10,1E-10,1E-10,PM9,2008-03-03,Western,77,1,True,Validation,Test-1,1
